date,incidents
2018-01-01,46
2018-01-08,250
2018-01-15,283
2018-01-22,294
2018-01-29,301
2018-02-05,277
2018-02-12,244
2018-02-19,271
2018-02-26,292
2018-03-05,271
2018-03-12,280
2018-03-19,308
2018-03-26,266
2018-04-02,261
2018-04-09,283
2018-04-16,286
2018-04-23,309
2018-04-30,316
2018-05-07,335
2018-05-14,327
2018-05-21,298
2018-05-28,343
2018-06-04,371
2018-06-11,299
2018-06-18,304
2018-06-25,352
2018-07-02,342
2018-07-09,282
2018-07-16,342
2018-07-23,295
2018-07-30,324
2018-08-06,516
2018-08-13,327
2018-08-20,326
2018-08-27,300
2018-09-03,296
2018-09-10,284
2018-09-17,285
2018-09-24,322
2018-10-01,302
2018-10-08,267
2018-10-15,259
2018-10-22,308
2018-10-29,314
2018-11-05,268
2018-11-12,253
2018-11-19,285
2018-11-26,239
2018-12-03,296
2018-12-10,318
2018-12-17,337
2018-12-24,309
2018-12-31,261
2019-01-07,292
2019-01-14,255
2019-01-21,277
2019-01-28,284
2019-02-04,230
2019-02-11,268
2019-02-18,319
2019-02-25,288
2019-03-04,238
2019-03-11,271
2019-03-18,292
2019-03-25,249
2019-04-01,301
2019-04-08,303
2019-04-15,294
2019-04-22,273
2019-04-29,260
2019-05-06,290
2019-05-13,316
2019-05-20,350
2019-05-27,287
2019-06-03,302
2019-06-10,338
2019-06-17,293
2019-06-24,339
2019-07-01,351
2019-07-08,303
2019-07-15,320
2019-07-22,290
2019-07-29,310
2019-08-05,580
2019-08-12,278
2019-08-19,278
2019-08-26,275
2019-09-02,269
2019-09-09,287
2019-09-16,290
2019-09-23,289
2019-09-30,279
2019-10-07,273
2019-10-14,257
2019-10-21,311
2019-10-28,270
2019-11-04,320
2019-11-11,259
2019-11-18,277
2019-11-25,329
2019-12-02,245
2019-12-09,303
2019-12-16,312
2019-12-23,287
2019-12-30,234
2020-01-06,237
2020-01-13,240
2020-01-20,212
2020-01-27,262
2020-02-03,262
2020-02-10,227
2020-02-17,254
2020-02-24,233
2020-03-02,230
2020-03-09,206
2020-03-16,194
2020-03-23,116
2020-03-30,87
2020-04-06,101
2020-04-13,97
2020-04-20,76
2020-04-27,95
2020-05-04,114
2020-05-11,95
2020-05-18,102
2020-05-25,132
2020-06-01,389
2020-06-08,101
2020-06-15,102
2020-06-22,126
2020-06-29,137
2020-07-06,184
2020-07-13,160
2020-07-20,151
2020-07-27,176
2020-08-03,162
2020-08-10,237
2020-08-17,181
2020-08-24,180
2020-08-31,147
2020-09-07,152
2020-09-14,144
2020-09-21,151
2020-09-28,171
2020-10-05,140
2020-10-12,149
2020-10-19,148
2020-10-26,138
2020-11-02,152
2020-11-09,156
2020-11-16,139
2020-11-23,123
2020-11-30,115
2020-12-07,137
2020-12-14,146
2020-12-21,144
2020-12-28,102
2021-01-04,117
2021-01-11,127
2021-01-18,137
2021-01-25,124
2021-02-01,105
2021-02-08,104
2021-02-15,96
2021-02-22,118
2021-03-01,146
2021-03-08,122
2021-03-15,109
2021-03-22,115
2021-03-29,122
2021-04-05,118
2021-04-12,146
2021-04-19,127
2021-04-26,144
2021-05-03,155
2021-05-10,155
2021-05-17,164
2021-05-24,176
2021-05-31,143
2021-06-07,205
2021-06-14,193
2021-06-21,167
2021-06-28,233
2021-07-05,191
2021-07-12,175
2021-07-19,194
2021-07-26,184
2021-08-02,561
2021-08-09,177
2021-08-16,167
2021-08-23,205
2021-08-30,217
2021-09-06,197
2021-09-13,189
2021-09-20,207
2021-09-27,205
2021-10-04,228
2021-10-11,220
2021-10-18,209
2021-10-25,192
2021-11-01,194
2021-11-08,201
2021-11-15,185
2021-11-22,218
2021-11-29,180
2021-12-06,184
2021-12-13,219
2021-12-20,213
2021-12-27,187
2022-01-03,201
2022-01-10,168
2022-01-17,234
2022-01-24,227
2022-01-31,195
2022-02-07,205
2022-02-14,190
2022-02-21,193
2022-02-28,216
2022-03-07,227
2022-03-14,235
2022-03-21,241
2022-03-28,228
2022-04-04,240
2022-04-11,216
2022-04-18,222
2022-04-25,235
2022-05-02,207
2022-05-09,237
2022-05-16,269
2022-05-23,218
2022-05-30,249
2022-06-06,272
2022-06-13,247
2022-06-20,272
2022-06-27,271
2022-07-04,303
2022-07-11,271
2022-07-18,292
2022-07-25,274
2022-08-01,706
2022-08-08,241
2022-08-15,262
2022-08-22,294
2022-08-29,273
2022-09-05,269
2022-09-12,240
2022-09-19,290
2022-09-26,226
2022-10-03,243
2022-10-10,267
2022-10-17,249
2022-10-24,262
2022-10-31,248
2022-11-07,277
2022-11-14,250
2022-11-21,255
2022-11-28,248
2022-12-05,238
2022-12-12,246
2022-12-19,248
2022-12-26,153
2023-01-02,264
2023-01-09,240
2023-01-16,257
2023-01-23,268
2023-01-30,222
2023-02-06,242
2023-02-13,243
2023-02-20,229
2023-02-27,238
2023-03-06,261
2023-03-13,246
2023-03-20,238
2023-03-27,250
2023-04-03,294
2023-04-10,250
2023-04-17,288
2023-04-24,229
2023-05-01,250
2023-05-08,265
2023-05-15,267
2023-05-22,257
2023-05-29,282
2023-06-05,330
2023-06-12,274
2023-06-19,245
2023-06-26,316
2023-07-03,291
2023-07-10,249
2023-07-17,268
2023-07-24,312
2023-07-31,280
2023-08-07,544
2023-08-14,300
2023-08-21,295
2023-08-28,279
2023-09-04,331
2023-09-11,306
2023-09-18,295
2023-09-25,294
2023-10-02,272
2023-10-09,268
2023-10-16,269
2023-10-23,245
2023-10-30,271
2023-11-06,295
2023-11-13,253
2023-11-20,280
2023-11-27,286
2023-12-04,313
2023-12-11,286
2023-12-18,273
2023-12-25,224
2024-01-01,223
