customer_id,Segmentation,split
CUST_03600,C,train
CUST_02543,C,train
CUST_04188,B,train
CUST_04995,A,train
CUST_03572,B,train
CUST_03418,C,train
CUST_02871,D,train
CUST_04703,C,train
CUST_00227,D,train
CUST_02523,B,train
CUST_03476,C,train
CUST_01245,C,train
CUST_02084,D,train
CUST_04044,C,train
CUST_02658,C,train
CUST_04104,A,train
CUST_02463,C,train
CUST_03707,C,train
CUST_02272,B,train
CUST_00087,C,train
CUST_00556,B,train
CUST_04182,C,train
CUST_04664,C,train
CUST_03791,A,train
CUST_02090,B,train
CUST_00103,B,train
CUST_02775,B,train
CUST_00705,A,train
CUST_03680,B,train
CUST_03950,A,train
CUST_00966,B,train
CUST_04220,A,train
CUST_01129,B,train
CUST_00158,C,train
CUST_01832,C,train
CUST_04417,B,train
CUST_02288,B,train
CUST_02040,A,train
CUST_02733,A,train
CUST_00255,A,train
CUST_00747,B,train
CUST_02510,D,train
CUST_01536,A,train
CUST_04596,C,train
CUST_04618,D,train
CUST_02410,B,train
CUST_00119,D,train
CUST_02536,C,train
CUST_02563,A,train
CUST_02155,A,train
CUST_01452,C,train
CUST_02942,C,train
CUST_02763,C,train
CUST_00468,D,train
CUST_00083,B,train
CUST_02625,B,train
CUST_02190,C,train
CUST_01238,B,train
CUST_00245,A,train
CUST_02580,C,train
CUST_00389,C,train
CUST_03086,C,train
CUST_02148,B,train
CUST_00715,B,train
CUST_01078,C,train
CUST_03380,C,train
CUST_02837,D,train
CUST_04276,B,train
CUST_04108,A,train
CUST_04837,B,train
CUST_00839,B,train
CUST_02393,B,train
CUST_00917,B,train
CUST_01703,B,train
CUST_00192,D,train
CUST_02606,B,train
CUST_04068,D,train
CUST_01464,C,train
CUST_02550,A,train
CUST_02320,B,train
CUST_00820,B,train
CUST_03002,C,train
CUST_00443,B,train
CUST_04134,C,train
CUST_00215,C,train
CUST_02014,A,train
CUST_02505,A,train
CUST_01445,D,train
CUST_03157,D,train
CUST_00860,A,train
CUST_00636,B,train
CUST_04925,A,train
CUST_02914,D,train
CUST_02420,B,train
CUST_03252,A,train
CUST_00371,A,train
CUST_04577,B,train
CUST_02860,A,train
CUST_02815,B,train
CUST_02414,A,train
CUST_00885,C,train
CUST_01249,D,train
CUST_02189,C,train
CUST_02098,C,train
CUST_04482,B,train
CUST_04462,B,train
CUST_02996,D,train
CUST_02203,B,train
CUST_01973,B,train
CUST_01773,D,train
CUST_03828,B,train
CUST_02916,C,train
CUST_02764,B,train
CUST_04982,A,train
CUST_02147,B,train
CUST_03701,C,train
CUST_01911,B,train
CUST_02718,D,train
CUST_04524,B,train
CUST_02233,D,train
CUST_01880,B,train
CUST_04568,A,train
CUST_00146,A,train
CUST_03676,B,train
CUST_02363,B,train
CUST_04305,C,train
CUST_02497,B,train
CUST_03933,C,train
CUST_04186,C,train
CUST_03710,D,train
CUST_04260,B,train
CUST_00474,D,train
CUST_01496,C,train
CUST_00228,B,train
CUST_01768,B,train
CUST_00768,D,train
CUST_03382,B,train
CUST_02682,C,train
CUST_02433,D,train
CUST_00368,D,train
CUST_01900,C,train
CUST_02335,A,train
CUST_00911,B,train
CUST_04799,A,train
CUST_02413,B,train
CUST_04061,B,train
CUST_03064,C,train
CUST_04144,C,train
CUST_00998,A,train
CUST_01802,C,train
CUST_04609,D,train
CUST_04423,B,train
CUST_01441,D,train
CUST_03827,B,train
CUST_04553,A,train
CUST_02769,B,train
CUST_01833,B,train
CUST_00640,B,train
CUST_03619,C,train
CUST_03512,A,train
CUST_00500,D,train
CUST_01222,A,train
CUST_00184,D,train
CUST_01836,C,train
CUST_02038,A,train
CUST_02340,B,train
CUST_00573,B,train
CUST_00664,A,train
CUST_03712,C,train
CUST_02265,C,train
CUST_04689,B,train
CUST_02773,C,train
CUST_04175,D,train
CUST_01777,C,train
CUST_02964,D,train
CUST_02789,D,train
CUST_00377,C,train
CUST_04648,A,train
CUST_00770,C,train
CUST_01852,C,train
CUST_00615,D,train
CUST_04747,A,train
CUST_01824,C,train
CUST_01016,D,train
CUST_04677,A,train
CUST_00159,A,train
CUST_03581,B,train
CUST_03021,B,train
CUST_02322,C,train
CUST_00973,C,train
CUST_04504,A,train
CUST_03495,C,train
CUST_01928,B,train
CUST_04042,B,train
CUST_03490,B,train
CUST_04467,A,train
CUST_01265,A,train
CUST_04869,B,train
CUST_04651,A,train
CUST_02074,D,train
CUST_01604,B,train
CUST_04351,C,train
CUST_04716,B,train
CUST_03499,A,train
CUST_01429,C,train
CUST_02338,B,train
CUST_03732,D,train
CUST_04233,B,train
CUST_01101,A,train
CUST_00741,B,train
CUST_02391,B,train
CUST_03343,C,train
CUST_00829,C,train
CUST_03032,B,train
CUST_02181,B,train
CUST_03496,A,train
CUST_00358,B,train
CUST_02755,D,train
CUST_04237,A,train
CUST_04821,B,train
CUST_00833,A,train
CUST_02892,C,train
CUST_00786,D,train
CUST_03703,B,train
CUST_01334,D,train
CUST_01489,B,train
CUST_03417,B,train
CUST_02121,C,train
CUST_03811,C,train
CUST_01179,C,train
CUST_01430,D,train
CUST_01158,D,train
CUST_04915,A,train
CUST_00493,B,train
CUST_01090,A,train
CUST_03063,B,train
CUST_03899,B,train
CUST_00077,C,train
CUST_04857,A,train
CUST_01174,B,train
CUST_04194,C,train
CUST_02793,B,train
CUST_01114,B,train
CUST_04510,D,train
CUST_01906,A,train
CUST_01492,B,train
CUST_01092,C,train
CUST_03585,B,train
CUST_01927,B,train
CUST_00854,D,train
CUST_03997,B,train
CUST_02595,A,train
CUST_03232,C,train
CUST_02244,D,train
CUST_03318,A,train
CUST_01453,D,train
CUST_01595,C,train
CUST_01772,C,train
CUST_04714,C,train
CUST_00202,A,train
CUST_03136,C,train
CUST_02531,C,train
CUST_00165,A,train
CUST_03213,A,train
CUST_00510,C,train
CUST_03319,C,train
CUST_04312,D,train
CUST_04173,B,train
CUST_02241,C,train
CUST_01925,C,train
CUST_01571,B,train
CUST_04388,A,train
CUST_01600,D,train
CUST_02874,B,train
CUST_01127,A,train
CUST_02426,D,train
CUST_03253,C,train
CUST_01366,A,train
CUST_04441,D,train
CUST_00777,A,train
CUST_01406,B,train
CUST_04975,A,train
CUST_04862,C,train
CUST_00290,B,train
CUST_01971,A,train
CUST_01154,C,train
CUST_02557,B,train
CUST_03982,C,train
CUST_01540,B,train
CUST_01702,B,train
CUST_02515,C,train
CUST_02806,D,train
CUST_02397,A,train
CUST_04036,D,train
CUST_02049,B,train
CUST_04326,D,train
CUST_02345,D,train
CUST_01113,A,train
CUST_03706,D,train
CUST_03867,B,train
CUST_01330,B,train
CUST_03286,A,train
CUST_03504,A,train
CUST_01123,D,train
CUST_01449,D,train
CUST_04455,D,train
CUST_01246,C,train
CUST_04809,A,train
CUST_03096,C,train
CUST_01142,B,train
CUST_03888,C,train
CUST_04546,C,train
CUST_02855,A,train
CUST_03796,C,train
CUST_01087,C,train
CUST_03882,C,train
CUST_04526,B,train
CUST_02290,A,train
CUST_01913,D,train
CUST_00376,B,train
CUST_02145,B,train
CUST_01885,A,train
CUST_01637,B,train
CUST_00563,A,train
CUST_00462,C,train
CUST_03452,C,train
CUST_00187,C,train
CUST_02499,D,train
CUST_04167,A,train
CUST_00361,B,train
CUST_04819,D,train
CUST_04284,A,train
CUST_04212,B,train
CUST_01545,D,train
CUST_03574,D,train
CUST_01010,B,train
CUST_02431,C,train
CUST_03174,A,train
CUST_04481,A,train
CUST_04940,C,train
CUST_02998,B,train
CUST_00881,A,train
CUST_01471,B,train
CUST_00489,D,train
CUST_02926,D,train
CUST_01625,A,train
CUST_03937,B,train
CUST_03529,D,train
CUST_00197,C,train
CUST_01403,A,train
CUST_02234,C,train
CUST_03156,C,train
CUST_02643,C,train
CUST_01587,C,train
CUST_03044,B,train
CUST_01751,B,train
CUST_00115,C,train
CUST_01964,B,train
CUST_04416,B,train
CUST_02075,D,train
CUST_03091,B,train
CUST_02326,D,train
CUST_04589,C,train
CUST_02552,A,train
CUST_03616,A,train
CUST_04382,A,train
CUST_02450,B,train
CUST_02688,B,train
CUST_03101,A,train
CUST_03250,C,train
CUST_00114,C,train
CUST_03211,A,train
CUST_01119,B,train
CUST_02046,C,train
CUST_01755,D,train
CUST_01185,A,train
CUST_04910,B,train
CUST_02972,A,train
CUST_00963,A,train
CUST_02611,C,train
CUST_04049,C,train
CUST_03579,C,train
CUST_04750,C,train
CUST_03042,D,train
CUST_03802,D,train
CUST_01354,C,train
CUST_04444,B,train
CUST_03184,A,train
CUST_00997,D,train
CUST_03285,B,train
CUST_01834,C,train
CUST_00028,B,train
CUST_00667,A,train
CUST_02209,B,train
CUST_00200,C,train
CUST_04072,C,train
CUST_02903,A,train
CUST_01746,B,train
CUST_04522,B,train
CUST_00254,B,train
CUST_00460,A,train
CUST_02694,B,train
CUST_02662,D,train
CUST_00131,B,train
CUST_00621,A,train
CUST_00951,C,train
CUST_01615,B,train
CUST_04373,A,train
CUST_03742,C,train
CUST_03670,B,train
CUST_04882,B,train
CUST_04030,B,train
CUST_02805,B,train
CUST_03195,B,train
CUST_00535,C,train
CUST_02218,B,train
CUST_02795,B,train
CUST_03362,B,train
CUST_04647,C,train
CUST_00618,B,train
CUST_00383,C,train
CUST_01241,D,train
CUST_00610,C,train
CUST_03730,B,train
CUST_03739,C,train
CUST_04259,B,train
CUST_00571,B,train
CUST_04119,A,train
CUST_04384,B,train
CUST_01841,B,train
CUST_04701,A,train
CUST_03959,A,train
CUST_02115,C,train
CUST_00172,A,train
CUST_01293,B,train
CUST_01695,B,train
CUST_02969,D,train
CUST_04566,D,train
CUST_04740,C,train
CUST_02119,A,train
CUST_03152,A,train
CUST_00296,B,train
CUST_01686,D,train
CUST_02136,D,train
CUST_00683,A,train
CUST_04166,B,train
CUST_01309,B,train
CUST_04078,B,train
CUST_04494,C,train
CUST_00755,A,train
CUST_03079,A,train
CUST_02294,B,train
CUST_01495,C,train
CUST_03931,D,train
CUST_00902,A,train
CUST_00374,C,train
CUST_02535,C,train
CUST_01557,C,train
CUST_03674,A,train
CUST_02940,A,train
CUST_04753,C,train
CUST_01450,C,train
CUST_01647,A,train
CUST_00287,B,train
CUST_01021,C,train
CUST_02965,D,train
CUST_03981,C,train
CUST_03294,B,train
CUST_00616,D,train
CUST_02604,B,train
CUST_03388,B,train
CUST_00098,B,train
CUST_02009,A,train
CUST_01488,C,train
CUST_03563,A,train
CUST_02518,B,train
CUST_04629,C,train
CUST_00922,B,train
CUST_04454,C,train
CUST_00384,D,train
CUST_00756,C,train
CUST_02637,D,train
CUST_00914,B,train
CUST_01737,B,train
CUST_03420,A,train
CUST_00736,D,train
CUST_00968,B,train
CUST_00301,A,train
CUST_04489,C,train
CUST_01084,D,train
CUST_00080,A,train
CUST_04084,C,train
CUST_02730,B,train
CUST_01236,B,train
CUST_04447,A,train
CUST_03813,A,train
CUST_02782,C,train
CUST_04965,B,train
CUST_04898,B,train
CUST_01147,C,train
CUST_00328,C,train
CUST_04865,B,train
CUST_00866,B,train
CUST_03816,B,train
CUST_00603,A,train
CUST_02702,D,train
CUST_02249,B,train
CUST_04431,C,train
CUST_02437,B,train
CUST_01807,C,train
CUST_00831,A,train
CUST_01437,B,train
CUST_03008,A,train
CUST_04254,B,train
CUST_01897,C,train
CUST_04661,B,train
CUST_00799,C,train
CUST_03975,B,train
CUST_02886,D,train
CUST_03773,B,train
CUST_02943,B,train
CUST_02646,B,train
CUST_02826,C,train
CUST_04921,D,train
CUST_02310,B,train
CUST_00648,C,train
CUST_01539,A,train
CUST_00212,C,train
CUST_00980,B,train
CUST_04041,D,train
CUST_01418,A,train
CUST_03995,B,train
CUST_04641,D,train
CUST_04544,B,train
CUST_01629,A,train
CUST_00617,A,train
CUST_04539,A,train
CUST_02601,C,train
CUST_02177,B,train
CUST_02621,C,train
CUST_01785,C,train
CUST_04737,B,train
CUST_03644,B,train
CUST_03778,B,train
CUST_03690,A,train
CUST_02285,A,train
CUST_01390,B,train
CUST_04930,D,train
CUST_04981,D,train
CUST_04649,D,train
CUST_04681,B,train
CUST_03976,D,train
CUST_01740,B,train
CUST_00712,B,train
CUST_01071,B,train
CUST_02486,D,train
CUST_04628,B,train
CUST_02594,B,train
CUST_03115,A,train
CUST_02617,B,train
CUST_00553,B,train
CUST_02610,A,train
CUST_01208,B,train
CUST_04449,B,train
CUST_04615,A,train
CUST_03487,B,train
CUST_01355,B,train
CUST_03598,B,train
CUST_04396,C,train
CUST_02096,C,train
CUST_00700,B,train
CUST_00842,C,train
CUST_04845,A,train
CUST_00235,A,train
CUST_02188,C,train
CUST_03640,A,train
CUST_03552,A,train
CUST_01502,B,train
CUST_01968,B,train
CUST_03522,B,train
CUST_04736,A,train
CUST_04801,A,train
CUST_02063,C,train
CUST_02484,A,train
CUST_04343,C,train
CUST_00659,C,train
CUST_03098,A,train
CUST_02758,D,train
CUST_04906,A,train
CUST_04295,B,train
CUST_01646,C,train
CUST_01621,B,train
CUST_04052,C,train
CUST_01520,D,train
CUST_01525,B,train
CUST_01276,A,train
CUST_01061,D,train
CUST_03818,C,train
CUST_00284,A,train
CUST_04754,B,train
CUST_02102,B,train
CUST_01505,B,train
CUST_04557,C,train
CUST_00952,C,train
CUST_02653,B,train
CUST_02647,D,train
CUST_04222,C,train
CUST_00001,B,train
CUST_00177,C,train
CUST_00743,C,train
CUST_01373,D,train
CUST_02429,B,train
CUST_01649,C,train
CUST_01644,C,train
CUST_00427,B,train
CUST_00304,C,train
CUST_02924,A,train
CUST_00789,B,train
CUST_01548,B,train
CUST_01148,C,train
CUST_02116,A,train
CUST_03441,B,train
CUST_03770,A,train
CUST_04665,C,train
CUST_02432,C,train
CUST_03692,B,train
CUST_01521,A,train
CUST_00776,A,train
CUST_00716,D,train
CUST_00339,B,train
CUST_02279,C,train
CUST_02889,C,train
CUST_02110,D,train
CUST_02019,A,train
CUST_02652,B,train
CUST_01812,C,train
CUST_04693,B,train
CUST_01982,C,train
CUST_01381,A,train
CUST_01800,A,train
CUST_03331,C,train
CUST_00174,A,train
CUST_04682,A,train
CUST_03368,B,train
CUST_00819,A,train
CUST_02851,C,train
CUST_03199,A,train
CUST_00956,B,train
CUST_01335,D,train
CUST_04779,A,train
CUST_00662,D,train
CUST_04298,A,train
CUST_02938,B,train
CUST_02654,A,train
CUST_02187,D,train
CUST_00680,D,train
CUST_03354,B,train
CUST_04299,B,train
CUST_04707,C,train
CUST_01191,A,train
CUST_01985,A,train
CUST_01568,A,train
CUST_03679,C,train
CUST_03979,A,train
CUST_01849,D,train
CUST_02726,B,train
CUST_03509,C,train
CUST_00872,B,train
CUST_02395,D,train
CUST_04797,A,train
CUST_02303,B,train
CUST_04086,A,train
CUST_03537,A,train
CUST_02843,D,train
CUST_03516,D,train
CUST_02953,C,train
CUST_01105,D,train
CUST_00587,A,train
CUST_01304,B,train
CUST_01996,C,train
CUST_04267,C,train
CUST_01045,D,train
CUST_00229,D,train
CUST_02085,B,train
CUST_00497,B,train
CUST_00798,B,train
CUST_02917,C,train
CUST_03908,B,train
CUST_03716,B,train
CUST_01675,C,train
CUST_03206,C,train
CUST_00633,B,train
CUST_00779,C,train
CUST_03767,B,train
CUST_03437,A,train
CUST_03446,C,train
CUST_02819,A,train
CUST_03780,D,train
CUST_04204,D,train
CUST_04432,B,train
CUST_04998,B,train
CUST_01529,C,train
CUST_00135,D,train
CUST_01124,C,train
CUST_03845,A,train
CUST_04963,B,train
CUST_01961,A,train
CUST_03717,B,train
CUST_04366,C,train
CUST_01149,C,train
CUST_00272,C,train
CUST_01018,B,train
CUST_01360,B,train
CUST_02909,B,train
CUST_01073,A,train
CUST_04710,C,train
CUST_03433,C,train
CUST_01577,A,train
CUST_04659,A,train
CUST_01170,B,train
CUST_03258,A,train
CUST_04187,A,train
CUST_02313,B,train
CUST_02312,D,train
CUST_03747,C,train
CUST_02194,B,train
CUST_00537,C,train
CUST_03103,D,train
CUST_02656,B,train
CUST_00352,D,train
CUST_00049,B,train
CUST_01275,B,train
CUST_01639,D,train
CUST_04213,B,train
CUST_02213,A,train
CUST_01635,D,train
CUST_03540,A,train
CUST_02011,A,train
CUST_03270,C,train
CUST_00861,C,train
CUST_01585,D,train
CUST_04996,D,train
CUST_01965,B,train
CUST_02060,B,train
CUST_01663,D,train
CUST_01883,C,train
CUST_01370,A,train
CUST_03280,C,train
CUST_03438,B,train
CUST_01029,B,train
CUST_01901,B,train
CUST_02220,A,train
CUST_03033,C,train
CUST_04064,A,train
CUST_04635,A,train
CUST_00729,A,train
CUST_04535,B,train
CUST_02091,C,train
CUST_04841,D,train
CUST_02902,C,train
CUST_00546,B,train
CUST_01969,B,train
CUST_03088,A,train
CUST_03503,D,train
CUST_01411,A,train
CUST_00660,B,train
CUST_04347,C,train
CUST_02104,C,train
CUST_03477,D,train
CUST_03205,C,train
CUST_03820,B,train
CUST_00271,C,train
CUST_01551,D,train
CUST_01108,C,train
CUST_00665,A,train
CUST_04125,C,train
CUST_02842,C,train
CUST_03943,A,train
CUST_00477,A,train
CUST_02439,B,train
CUST_00888,A,train
CUST_04783,B,train
CUST_03536,A,train
CUST_00704,A,train
CUST_04980,A,train
CUST_01005,C,train
CUST_02125,D,train
CUST_00579,B,train
CUST_01531,B,train
CUST_04485,A,train
CUST_03823,C,train
CUST_01712,A,train
CUST_03339,B,train
CUST_00208,C,train
CUST_00052,C,train
CUST_02337,B,train
CUST_04956,C,train
CUST_00423,A,train
CUST_03862,C,train
CUST_04040,B,train
CUST_00059,A,train
CUST_00440,A,train
CUST_04534,B,train
CUST_04905,D,train
CUST_01810,A,train
CUST_02533,B,train
CUST_03278,B,train
CUST_03886,D,train
CUST_00347,C,train
CUST_01939,B,train
CUST_03903,D,train
CUST_04135,B,train
CUST_03248,B,train
CUST_01936,C,train
CUST_03302,D,train
CUST_00403,B,train
CUST_03220,C,train
CUST_02069,A,train
CUST_00183,D,train
CUST_00213,C,train
CUST_04402,B,train
CUST_04614,A,train
CUST_02816,C,train
CUST_02807,C,train
CUST_03900,C,train
CUST_02737,D,train
CUST_02821,D,train
CUST_03104,B,train
CUST_01799,A,train
CUST_01289,A,train
CUST_02353,C,train
CUST_02137,A,train
CUST_04941,B,train
CUST_02264,B,train
CUST_03426,C,train
CUST_03081,C,train
CUST_01892,B,train
CUST_01920,B,train
CUST_03265,C,train
CUST_02385,B,train
CUST_01376,D,train
CUST_00669,A,train
CUST_01052,B,train
CUST_01795,A,train
CUST_00623,B,train
CUST_01055,D,train
CUST_04360,A,train
CUST_04795,B,train
CUST_04303,C,train
CUST_01614,B,train
CUST_03047,B,train
CUST_00732,C,train
CUST_04642,B,train
CUST_04528,D,train
CUST_00572,C,train
CUST_03293,B,train
CUST_01633,C,train
CUST_00176,A,train
CUST_01042,C,train
CUST_03180,C,train
CUST_02062,B,train
CUST_02696,B,train
CUST_02995,A,train
CUST_01561,B,train
CUST_03404,B,train
CUST_03390,C,train
CUST_00558,A,train
CUST_02440,A,train
CUST_02841,B,train
CUST_02844,D,train
CUST_03162,A,train
CUST_02740,A,train
CUST_00925,B,train
CUST_02680,B,train
CUST_04232,B,train
CUST_03135,A,train
CUST_01051,D,train
CUST_03965,A,train
CUST_04758,C,train
CUST_02944,C,train
CUST_00796,D,train
CUST_04876,C,train
CUST_01059,B,train
CUST_00924,C,train
CUST_03243,B,train
CUST_02684,B,train
CUST_03145,B,train
CUST_02500,B,train
CUST_01575,A,train
CUST_00408,A,train
CUST_00566,B,train
CUST_01708,A,train
CUST_02359,B,train
CUST_01310,C,train
CUST_04369,A,train
CUST_04901,A,train
CUST_04825,B,train
CUST_00147,C,train
CUST_00676,D,train
CUST_03061,B,train
CUST_03492,C,train
CUST_02267,B,train
CUST_01508,B,train
CUST_02016,B,train
CUST_02927,C,train
CUST_01378,B,train
CUST_04123,C,train
CUST_03049,B,train
CUST_00904,B,train
CUST_03857,B,train
CUST_04602,C,train
CUST_04409,B,train
CUST_02358,A,train
CUST_04129,B,train
CUST_02488,D,train
CUST_00749,D,train
CUST_01907,D,train
CUST_03491,A,train
CUST_00713,B,train
CUST_02349,B,train
CUST_00514,D,train
CUST_00221,C,train
CUST_02348,B,train
CUST_00338,C,train
CUST_04687,A,train
CUST_03628,D,train
CUST_02516,D,train
CUST_00543,A,train
CUST_02703,A,train
CUST_04827,C,train
CUST_03985,C,train
CUST_01386,B,train
CUST_03217,A,train
CUST_01066,C,train
CUST_00859,B,train
CUST_01714,B,train
CUST_04671,B,train
CUST_00687,B,train
CUST_00340,A,train
CUST_03119,A,train
CUST_00030,A,train
CUST_01394,B,train
CUST_00124,A,train
CUST_03955,A,train
CUST_02640,C,train
CUST_01719,D,train
CUST_01413,B,train
CUST_04319,B,train
CUST_04622,C,train
CUST_03625,A,train
CUST_01816,D,train
CUST_01542,A,train
CUST_02534,A,train
CUST_01512,C,train
CUST_02174,D,train
CUST_01838,B,train
CUST_03568,C,train
CUST_01850,C,train
CUST_01069,B,train
CUST_01012,D,train
CUST_03797,B,train
CUST_03855,C,train
CUST_03532,C,train
CUST_01075,D,train
CUST_02017,B,train
CUST_01306,D,train
CUST_04356,C,train
CUST_02977,C,train
CUST_00764,C,train
CUST_03277,C,train
CUST_04264,B,train
CUST_01321,A,train
CUST_00666,A,train
CUST_02025,B,train
CUST_03998,B,train
CUST_00210,A,train
CUST_02018,D,train
CUST_03158,A,train
CUST_00203,A,train
CUST_04575,C,train
CUST_01734,B,train
CUST_02798,C,train
CUST_00437,A,train
CUST_04310,C,train
CUST_00485,B,train
CUST_00444,B,train
CUST_03117,C,train
CUST_01581,A,train
CUST_04412,A,train
CUST_03720,B,train
CUST_03055,C,train
CUST_01989,B,train
CUST_04900,D,train
CUST_04712,B,train
CUST_02329,C,train
CUST_04400,A,train
CUST_00931,A,train
CUST_02994,B,train
CUST_00189,B,train
CUST_03565,B,train
CUST_01942,B,train
CUST_03488,A,train
CUST_01975,B,train
CUST_01048,A,train
CUST_04496,C,train
CUST_04917,B,train
CUST_00090,B,train
CUST_02262,C,train
CUST_01667,A,train
CUST_04226,C,train
CUST_04491,B,train
CUST_03267,B,train
CUST_04637,B,train
CUST_02714,B,train
CUST_02047,A,train
CUST_02895,A,train
CUST_03593,B,train
CUST_01047,A,train
CUST_01499,B,train
CUST_04411,A,train
CUST_03126,C,train
CUST_00611,A,train
CUST_00032,A,train
CUST_02731,C,train
CUST_00207,A,train
CUST_04277,B,train
CUST_01204,B,train
CUST_02511,A,train
CUST_04514,C,train
CUST_02665,C,train
CUST_01475,B,train
CUST_01039,A,train
CUST_00887,C,train
CUST_04092,B,train
CUST_02403,B,train
CUST_03636,B,train
CUST_01676,B,train
CUST_01935,C,train
CUST_02321,D,train
CUST_02458,C,train
CUST_04532,A,train
CUST_02441,B,train
CUST_04751,B,train
CUST_00585,C,train
CUST_03436,B,train
CUST_01472,C,train
CUST_00341,B,train
CUST_01443,C,train
CUST_02578,C,train
CUST_03329,A,train
CUST_01862,C,train
CUST_03281,B,train
CUST_01979,D,train
CUST_04381,A,train
CUST_04466,B,train
CUST_00901,A,train
CUST_00224,B,train
CUST_03651,C,train
CUST_04215,C,train
CUST_02847,C,train
CUST_04657,C,train
CUST_01456,D,train
CUST_04278,B,train
CUST_02317,B,train
CUST_02089,C,train
CUST_02509,C,train
CUST_01301,A,train
CUST_03874,C,train
CUST_00984,A,train
CUST_00101,A,train
CUST_01937,B,train
CUST_00169,A,train
CUST_04831,C,train
CUST_00280,C,train
CUST_00096,B,train
CUST_03528,C,train
CUST_01269,C,train
CUST_02951,C,train
CUST_02507,C,train
CUST_03393,D,train
CUST_01914,B,train
CUST_04863,A,train
CUST_02002,A,train
CUST_02355,C,train
CUST_00476,D,train
CUST_02118,C,train
CUST_00257,D,train
CUST_02127,C,train
CUST_03225,A,train
CUST_04425,B,train
CUST_03346,C,train
CUST_01576,A,train
CUST_04794,B,train
CUST_03819,C,train
CUST_02352,D,train
CUST_02906,A,train
CUST_03210,C,train
CUST_04929,C,train
CUST_01658,B,train
CUST_03237,A,train
CUST_02166,D,train
CUST_00503,B,train
CUST_01243,C,train
CUST_02741,B,train
CUST_01305,C,train
CUST_04586,D,train
CUST_04050,A,train
CUST_01232,A,train
CUST_04939,C,train
CUST_02636,C,train
CUST_03653,C,train
CUST_02591,C,train
CUST_03580,B,train
CUST_00862,B,train
CUST_01314,C,train
CUST_04490,B,train
CUST_03887,D,train
CUST_03130,C,train
CUST_04674,A,train
CUST_01126,B,train
CUST_03815,A,train
CUST_03962,B,train
CUST_04646,C,train
CUST_00053,D,train
CUST_03711,A,train
CUST_00649,C,train
CUST_00816,B,train
CUST_04781,A,train
CUST_01657,B,train
CUST_03164,B,train
CUST_04024,C,train
CUST_01216,A,train
CUST_02698,B,train
CUST_00325,D,train
CUST_02282,B,train
CUST_02899,B,train
CUST_03944,B,train
CUST_01410,D,train
CUST_04419,B,train
CUST_03698,C,train
CUST_02214,D,train
CUST_03067,A,train
CUST_01681,B,train
CUST_00582,D,train
CUST_01195,A,train
CUST_02554,D,train
CUST_04697,B,train
CUST_03026,B,train
CUST_02208,D,train
CUST_02570,D,train
CUST_03590,A,train
CUST_03851,B,train
CUST_01760,B,train
CUST_03809,A,train
CUST_03783,A,train
CUST_02260,B,train
CUST_03470,A,train
CUST_00379,C,train
CUST_03399,A,train
CUST_00149,A,train
CUST_04932,B,train
CUST_00947,A,train
CUST_02744,A,train
CUST_02575,A,train
CUST_02362,B,train
CUST_04355,B,train
CUST_00880,A,train
CUST_03620,A,train
CUST_03351,A,train
CUST_04292,A,train
CUST_02106,B,train
CUST_04263,B,train
CUST_00327,B,train
CUST_02939,D,train
CUST_00404,C,train
CUST_01638,A,train
CUST_03223,A,train
CUST_02051,B,train
CUST_01774,D,train
CUST_02853,A,train
CUST_00465,D,train
CUST_04124,D,train
CUST_03762,C,train
CUST_01461,B,train
CUST_00583,B,train
CUST_04224,C,train
CUST_03502,C,train
CUST_00164,B,train
CUST_03312,C,train
CUST_04844,A,train
CUST_03718,A,train
CUST_02158,B,train
CUST_03110,C,train
CUST_04584,C,train
CUST_00321,B,train
CUST_00281,D,train
CUST_04019,B,train
CUST_02896,D,train
CUST_03737,C,train
CUST_04771,A,train
CUST_01957,C,train
CUST_02117,B,train
CUST_01822,A,train
CUST_01235,C,train
CUST_02760,A,train
CUST_01331,B,train
CUST_04113,A,train
CUST_03517,A,train
CUST_00568,B,train
CUST_00211,B,train
CUST_02415,B,train
CUST_00946,A,train
CUST_02585,B,train
CUST_04364,B,train
CUST_00631,C,train
CUST_03721,B,train
CUST_02553,C,train
CUST_00520,A,train
CUST_00447,D,train
CUST_04529,B,train
CUST_03056,D,train
CUST_03781,B,train
CUST_01294,C,train
CUST_00728,C,train
CUST_04421,A,train
CUST_00137,B,train
CUST_03327,C,train
CUST_01669,A,train
CUST_01181,D,train
CUST_02875,C,train
CUST_01878,B,train
CUST_00306,D,train
CUST_03949,A,train
CUST_02641,B,train
CUST_02867,B,train
CUST_03348,A,train
CUST_00689,C,train
CUST_02059,C,train
CUST_01944,C,train
CUST_03141,B,train
CUST_00890,A,train
CUST_01408,C,train
CUST_00314,D,train
CUST_03372,B,train
CUST_03023,C,train
CUST_01869,A,train
CUST_04796,B,train
CUST_03242,B,train
CUST_03041,A,train
CUST_01509,C,train
CUST_01247,A,train
CUST_00724,C,train
CUST_00405,B,train
CUST_02370,C,train
CUST_01558,B,train
CUST_01160,A,train
CUST_01995,C,train
CUST_01870,C,train
CUST_03392,D,train
CUST_03766,B,train
CUST_00300,A,train
CUST_04152,A,train
CUST_04216,C,train
CUST_01230,B,train
CUST_00913,C,train
CUST_04511,A,train
CUST_00635,A,train
CUST_00431,A,train
CUST_03708,B,train
CUST_02178,C,train
CUST_01572,A,train
CUST_04564,A,train
CUST_04954,C,train
CUST_01874,C,train
CUST_01596,B,train
CUST_04678,D,train
CUST_01102,D,train
CUST_04235,A,train
CUST_03262,B,train
CUST_03501,B,train
CUST_01729,C,train
CUST_01848,A,train
CUST_01258,B,train
CUST_04597,C,train
CUST_02184,B,train
CUST_01696,A,train
CUST_04374,B,train
CUST_00624,B,train
CUST_01383,D,train
CUST_03384,B,train
CUST_03894,B,train
CUST_00641,A,train
CUST_00950,B,train
CUST_03764,B,train
CUST_00760,C,train
CUST_01374,B,train
CUST_01814,A,train
CUST_00567,B,train
CUST_04234,D,train
CUST_03010,A,train
CUST_00643,A,train
CUST_03201,B,train
CUST_03094,C,train
CUST_04105,B,train
CUST_01162,A,train
CUST_01951,A,train
CUST_00217,B,train
CUST_01665,D,train
CUST_00565,B,train
CUST_00422,C,train
CUST_02207,B,train
CUST_01693,B,train
CUST_02024,A,train
CUST_00723,A,train
CUST_00979,B,train
CUST_02201,D,train
CUST_04095,B,train
CUST_01780,C,train
CUST_02361,A,train
CUST_02134,B,train
CUST_00084,A,train
CUST_02387,B,train
CUST_00677,A,train
CUST_00935,A,train
CUST_02053,A,train
CUST_00817,B,train
CUST_01823,C,train
CUST_01533,C,train
CUST_02407,B,train
CUST_03705,D,train
CUST_00873,C,train
CUST_00840,C,train
CUST_00046,C,train
CUST_01068,A,train
CUST_00467,B,train
CUST_01747,A,train
CUST_04603,D,train
CUST_00507,D,train
CUST_04916,D,train
CUST_04438,C,train
CUST_01032,B,train
CUST_02555,A,train
CUST_02560,B,train
CUST_03659,C,train
CUST_01946,B,train
CUST_03298,A,train
CUST_03695,B,train
CUST_01345,C,train
CUST_02567,A,train
CUST_04974,C,train
CUST_04407,D,train
CUST_04190,C,train
CUST_00992,C,train
CUST_03983,A,train
CUST_03474,C,train
CUST_00329,B,train
CUST_03170,B,train
CUST_04590,C,train
CUST_02050,A,train
CUST_04706,B,train
CUST_03483,B,train
CUST_04725,A,train
CUST_01694,A,train
CUST_04550,C,train
CUST_00307,B,train
CUST_04885,A,train
CUST_04472,D,train
CUST_01082,A,train
CUST_00953,A,train
CUST_04033,A,train
CUST_00243,D,train
CUST_01628,B,train
CUST_04341,B,train
CUST_00784,B,train
CUST_00335,A,train
CUST_03186,B,train
CUST_02451,B,train
CUST_04976,B,train
CUST_02347,C,train
CUST_00981,B,train
CUST_00800,D,train
CUST_04605,C,train
CUST_03406,C,train
CUST_04676,D,train
CUST_00625,C,train
CUST_03567,B,train
CUST_01300,C,train
CUST_04626,C,train
CUST_01791,A,train
CUST_00865,B,train
CUST_02884,A,train
CUST_03045,C,train
CUST_04890,C,train
CUST_03586,B,train
CUST_01256,B,train
CUST_00133,A,train
CUST_01608,C,train
CUST_04598,A,train
CUST_03812,B,train
CUST_04410,B,train
CUST_01393,A,train
CUST_03035,B,train
CUST_03935,B,train
CUST_04192,D,train
CUST_02299,A,train
CUST_04043,B,train
CUST_03617,B,train
CUST_04523,D,train
CUST_03245,C,train
CUST_02913,C,train
CUST_02967,C,train
CUST_04727,D,train
CUST_02732,B,train
CUST_02915,A,train
CUST_02691,B,train
CUST_02217,C,train
CUST_03691,C,train
CUST_03871,B,train
CUST_00672,D,train
CUST_04230,A,train
CUST_02175,A,train
CUST_01543,B,train
CUST_01804,B,train
CUST_02649,B,train
CUST_00775,C,train
CUST_03945,A,train
CUST_03085,C,train
CUST_00079,B,train
CUST_03650,D,train
CUST_01007,C,train
CUST_01003,D,train
CUST_01319,A,train
CUST_03489,A,train
CUST_02003,D,train
CUST_02142,B,train
CUST_01650,C,train
CUST_01978,B,train
CUST_04115,C,train
CUST_01327,A,train
CUST_01728,D,train
CUST_02549,B,train
CUST_02922,C,train
CUST_01598,A,train
CUST_01177,C,train
CUST_01466,A,train
CUST_03031,A,train
CUST_03963,A,train
CUST_04093,B,train
CUST_00843,A,train
CUST_03611,B,train
CUST_02544,C,train
CUST_03247,B,train
CUST_00512,B,train
CUST_04013,C,train
CUST_02240,A,train
CUST_00469,A,train
CUST_01514,A,train
CUST_03410,A,train
CUST_01664,B,train
CUST_04663,B,train
CUST_01736,D,train
CUST_02216,B,train
CUST_01912,D,train
CUST_03453,C,train
CUST_03624,D,train
CUST_03445,D,train
CUST_04300,B,train
CUST_01792,C,train
CUST_03036,B,train
CUST_04463,D,train
CUST_04621,D,train
CUST_02766,D,train
CUST_00199,D,train
CUST_02402,A,train
CUST_02444,C,train
CUST_03070,C,train
CUST_02608,B,train
CUST_00282,B,train
CUST_04289,B,train
CUST_01811,C,train
CUST_01098,A,train
CUST_01611,D,train
CUST_01220,B,train
CUST_02785,C,train
CUST_00602,B,train
CUST_04394,A,train
CUST_00772,C,train
CUST_00148,B,train
CUST_00542,C,train
CUST_01839,D,train
CUST_02112,A,train
CUST_03738,C,train
CUST_04127,C,train
CUST_00620,C,train
CUST_04798,C,train
CUST_01793,B,train
CUST_02259,B,train
CUST_01244,C,train
CUST_03335,D,train
CUST_01909,B,train
CUST_02399,C,train
CUST_00089,D,train
CUST_02005,B,train
CUST_03836,B,train
CUST_04379,A,train
CUST_00409,D,train
CUST_03978,B,train
CUST_02461,D,train
CUST_00478,B,train
CUST_03236,A,train
CUST_02223,A,train
CUST_04832,C,train
CUST_00294,B,train
CUST_02237,D,train
CUST_00711,C,train
CUST_04132,A,train
CUST_00242,D,train
CUST_00502,B,train
CUST_01425,D,train
CUST_00948,D,train
CUST_00877,C,train
CUST_03798,A,train
CUST_01706,A,train
CUST_00928,B,train
CUST_01278,D,train
CUST_02374,B,train
CUST_00145,B,train
CUST_00826,D,train
CUST_04894,A,train
CUST_04317,C,train
CUST_04034,D,train
CUST_04156,A,train
CUST_03924,B,train
CUST_01324,A,train
CUST_01771,B,train
CUST_00802,A,train
CUST_03459,C,train
CUST_03605,A,train
CUST_03841,B,train
CUST_04813,A,train
CUST_02804,D,train
CUST_02711,C,train
CUST_03231,B,train
CUST_00239,C,train
CUST_02477,A,train
CUST_02206,D,train
CUST_01317,B,train
CUST_03336,C,train
CUST_04893,C,train
CUST_04552,A,train
CUST_00785,A,train
CUST_02752,C,train
CUST_01205,B,train
CUST_02780,A,train
CUST_01062,D,train
CUST_02376,B,train
CUST_02898,B,train
CUST_00957,B,train
CUST_01019,D,train
CUST_02479,A,train
CUST_01877,B,train
CUST_04443,A,train
CUST_02013,D,train
CUST_04761,B,train
CUST_00646,D,train
CUST_02033,B,train
CUST_04912,B,train
CUST_00055,B,train
CUST_00154,B,train
CUST_03102,C,train
CUST_04688,A,train
CUST_02487,B,train
CUST_01234,A,train
CUST_00793,B,train
CUST_01519,A,train
CUST_04541,A,train
CUST_04949,C,train
CUST_04951,B,train
CUST_04464,A,train
CUST_03013,B,train
CUST_02350,A,train
CUST_01281,C,train
CUST_00056,D,train
CUST_00824,B,train
CUST_04368,B,train
CUST_03906,B,train
CUST_01349,D,train
CUST_01133,A,train
CUST_04389,A,train
CUST_03518,B,train
CUST_04392,B,train
CUST_04140,B,train
CUST_01972,C,train
CUST_03546,A,train
CUST_03910,B,train
CUST_00432,C,train
CUST_04334,C,train
CUST_04201,C,train
CUST_02168,A,train
CUST_03066,B,train
CUST_02638,C,train
CUST_04666,C,train
CUST_03407,D,train
CUST_00691,B,train
CUST_03260,D,train
CUST_00692,B,train
CUST_04452,B,train
CUST_04071,B,train
CUST_04896,A,train
CUST_04630,B,train
CUST_01601,A,train
CUST_04738,B,train
CUST_01262,C,train
CUST_04756,D,train
CUST_00323,C,train
CUST_01651,A,train
CUST_02034,D,train
CUST_01933,B,train
CUST_02319,B,train
CUST_02709,A,train
CUST_03148,C,train
CUST_03817,B,train
CUST_03121,B,train
CUST_01716,D,train
CUST_01213,A,train
CUST_03142,D,train
CUST_00614,A,train
CUST_04184,B,train
CUST_04702,A,train
CUST_02139,A,train
CUST_03898,C,train
CUST_04889,A,train
CUST_00531,C,train
CUST_01958,B,train
CUST_00678,B,train
CUST_00166,C,train
CUST_00092,C,train
CUST_04418,A,train
CUST_04572,C,train
CUST_00094,B,train
CUST_00313,A,train
CUST_04154,B,train
CUST_02438,B,train
CUST_04415,B,train
CUST_03261,A,train
CUST_02990,D,train
CUST_00372,A,train
CUST_01717,A,train
CUST_02935,C,train
CUST_04120,C,train
CUST_03850,A,train
CUST_03825,A,train
CUST_03938,A,train
CUST_01902,A,train
CUST_01894,A,train
CUST_01283,B,train
CUST_04815,C,train
CUST_00109,A,train
CUST_01030,C,train
CUST_00258,C,train
CUST_04608,A,train
CUST_04977,A,train
CUST_03768,B,train
CUST_04684,B,train
CUST_00366,B,train
CUST_00277,C,train
CUST_03754,C,train
CUST_03365,D,train
CUST_03639,B,train
CUST_02745,C,train
CUST_02129,D,train
CUST_00196,B,train
CUST_04986,A,train
CUST_01351,D,train
CUST_03647,B,train
CUST_02992,C,train
CUST_02052,B,train
CUST_01054,C,train
CUST_00554,B,train
CUST_03603,A,train
CUST_04262,D,train
CUST_01929,C,train
CUST_00081,D,train
CUST_04350,C,train
CUST_02416,D,train
CUST_02677,B,train
CUST_02275,D,train
CUST_01589,B,train
CUST_02674,A,train
CUST_04207,B,train
CUST_00264,B,train
CUST_03984,A,train
CUST_01879,B,train
CUST_02073,A,train
CUST_04087,A,train
CUST_03877,A,train
CUST_00416,B,train
CUST_03876,B,train
CUST_02529,A,train
CUST_00451,C,train
CUST_04189,C,train
CUST_01318,C,train
CUST_02854,D,train
CUST_04435,A,train
CUST_00557,A,train
CUST_03525,A,train
CUST_03961,B,train
CUST_04436,B,train
CUST_04855,C,train
CUST_01089,D,train
CUST_01583,B,train
CUST_01656,D,train
CUST_03356,A,train
CUST_03911,A,train
CUST_03113,C,train
CUST_03251,B,train
CUST_00449,B,train
CUST_02123,D,train
CUST_03919,C,train
CUST_01680,C,train
CUST_04171,A,train
CUST_04561,C,train
CUST_03719,B,train
CUST_04181,B,train
CUST_01544,A,train
CUST_00975,A,train
CUST_00883,A,train
CUST_02574,B,train
CUST_04713,A,train
CUST_00897,B,train
CUST_00345,B,train
CUST_00645,A,train
CUST_04692,B,train
CUST_02423,C,train
CUST_03240,B,train
CUST_03396,D,train
CUST_04704,B,train
CUST_02253,C,train
CUST_04788,D,train
CUST_00825,B,train
CUST_04059,D,train
CUST_03964,B,train
CUST_03478,B,train
CUST_01977,B,train
CUST_04807,A,train
CUST_03337,D,train
CUST_03582,C,train
CUST_03599,B,train
CUST_04729,C,train
CUST_03848,B,train
CUST_00162,C,train
CUST_00595,D,train
CUST_00095,C,train
CUST_04816,D,train
CUST_00744,B,train
CUST_02495,B,train
CUST_00065,B,train
CUST_01960,C,train
CUST_00326,C,train
CUST_01689,C,train
CUST_01779,A,train
CUST_04611,B,train
CUST_01017,A,train
CUST_03866,B,train
CUST_02029,A,train
CUST_01034,A,train
CUST_02193,C,train
CUST_00157,C,train
CUST_00513,D,train
CUST_01732,C,train
CUST_00599,A,train
CUST_02094,B,train
CUST_02657,C,train
CUST_04656,A,train
CUST_02882,D,train
CUST_00181,B,train
CUST_00413,D,train
CUST_01419,B,train
CUST_04225,B,train
CUST_03622,A,train
CUST_00132,A,train
CUST_04833,C,train
CUST_03885,D,train
CUST_01212,B,train
CUST_04810,D,train
CUST_00223,A,train
CUST_01031,A,train
CUST_04668,C,train
CUST_00434,A,train
CUST_01528,B,train
CUST_00522,B,train
CUST_01743,C,train
CUST_00837,D,train
CUST_01781,A,train
CUST_03696,A,train
CUST_04046,B,train
CUST_03325,C,train
CUST_03575,D,train
CUST_04354,D,train
CUST_01203,A,train
CUST_03627,A,train
CUST_04273,A,train
CUST_03401,A,train
CUST_04191,C,train
CUST_03255,B,train
CUST_01380,B,train
CUST_02001,B,train
CUST_00663,C,train
CUST_01602,B,train
CUST_04077,B,train
CUST_01987,C,train
CUST_01586,A,train
CUST_01482,A,train
CUST_03646,A,train
CUST_04197,A,train
CUST_04060,D,train
CUST_02307,A,train
CUST_02469,B,train
CUST_04296,B,train
CUST_01442,A,train
CUST_03842,A,train
CUST_02532,C,train
CUST_00766,B,train
CUST_03183,B,train
CUST_01890,D,train
CUST_02827,C,train
CUST_03683,C,train
CUST_02327,C,train
CUST_04667,A,train
CUST_01725,C,train
CUST_01155,C,train
CUST_01905,C,train
CUST_00651,A,train
CUST_01997,D,train
CUST_01287,A,train
CUST_01187,C,train
CUST_00308,B,train
CUST_00303,B,train
CUST_02198,D,train
CUST_03432,D,train
CUST_00381,A,train
CUST_00295,A,train
CUST_04840,B,train
CUST_04519,A,train
CUST_01599,A,train
CUST_00357,A,train
CUST_04393,C,train
CUST_03686,B,train
CUST_03073,B,train
CUST_03661,B,train
CUST_03804,D,train
CUST_04984,C,train
CUST_04209,A,train
CUST_03790,D,train
CUST_04852,B,train
CUST_02551,B,train
CUST_03947,C,train
CUST_00506,A,train
CUST_00244,B,train
CUST_00999,D,train
CUST_00964,B,train
CUST_00767,C,train
CUST_00025,B,train
CUST_02405,C,train
CUST_03065,C,train
CUST_01918,B,train
CUST_03377,C,train
CUST_00002,D,train
CUST_04280,B,train
CUST_02474,C,train
CUST_00696,C,train
CUST_01412,A,train
CUST_01546,B,train
CUST_00333,A,train
CUST_04538,C,train
CUST_02242,A,train
CUST_02169,C,train
CUST_01135,C,train
CUST_00654,C,train
CUST_02368,B,train
CUST_00526,B,train
CUST_02599,B,train
CUST_01095,A,train
CUST_04762,D,train
CUST_01183,C,train
CUST_04333,B,train
CUST_00373,A,train
CUST_00639,B,train
CUST_04699,A,train
CUST_02400,C,train
CUST_01590,C,train
CUST_00576,D,train
CUST_02873,D,train
CUST_00722,A,train
CUST_04281,A,train
CUST_00105,D,train
CUST_03824,B,train
CUST_03642,D,train
CUST_01868,A,train
CUST_00315,C,train
CUST_00353,C,train
CUST_03427,B,train
CUST_01474,B,train
CUST_03160,B,train
CUST_04685,C,train
CUST_00058,A,train
CUST_04177,B,train
CUST_04536,B,train
CUST_03299,B,train
CUST_02600,A,train
CUST_04327,A,train
CUST_03375,C,train
CUST_02380,C,train
CUST_04620,D,train
CUST_04386,B,train
CUST_01591,C,train
CUST_03060,D,train
CUST_03178,D,train
CUST_03181,A,train
CUST_04858,D,train
CUST_03193,D,train
CUST_03146,B,train
CUST_01421,B,train
CUST_02171,C,train
CUST_03511,B,train
CUST_00532,D,train
CUST_03677,A,train
CUST_02530,D,train
CUST_00593,A,train
CUST_00010,C,train
CUST_00561,C,train
CUST_00302,B,train
CUST_01316,C,train
CUST_00455,A,train
CUST_03058,A,train
CUST_04330,C,train
CUST_03127,C,train
CUST_01731,B,train
CUST_00362,C,train
CUST_01303,A,train
CUST_00938,D,train
CUST_01511,C,train
CUST_03789,A,train
CUST_03560,B,train
CUST_00343,A,train
CUST_01765,A,train
CUST_04735,B,train
CUST_04017,D,train
CUST_02256,B,train
CUST_03757,A,train
CUST_03419,A,train
CUST_00419,C,train
CUST_03775,C,train
CUST_02828,A,train
CUST_00250,C,train
CUST_01516,A,train
CUST_04100,A,train
CUST_01788,C,train
CUST_02835,B,train
CUST_03520,A,train
CUST_00097,B,train
CUST_02566,B,train
CUST_04826,A,train
CUST_02728,A,train
CUST_04734,D,train
CUST_00638,A,train
CUST_03400,B,train
CUST_04367,A,train
CUST_02041,C,train
CUST_03731,A,train
CUST_01248,A,train
CUST_02026,B,train
CUST_04136,A,train
CUST_01279,A,train
CUST_04433,B,train
CUST_00882,C,train
CUST_01761,B,train
CUST_04372,B,train
CUST_00100,A,train
CUST_01273,C,train
CUST_04063,C,train
CUST_00899,A,train
CUST_01671,B,train
CUST_03658,B,train
CUST_00719,A,train
CUST_01687,D,train
CUST_04985,B,train
CUST_00852,C,train
CUST_01435,A,train
CUST_01699,D,train
CUST_01999,A,train
CUST_03497,D,train
CUST_03709,B,train
CUST_01343,D,train
CUST_04069,C,train
CUST_00034,D,train
CUST_03667,C,train
CUST_04302,D,train
CUST_03328,B,train
CUST_04652,C,train
CUST_00996,A,train
CUST_00214,A,train
CUST_02058,B,train
CUST_04839,A,train
CUST_03506,C,train
CUST_03510,A,train
CUST_00864,B,train
CUST_00039,C,train
CUST_01679,A,train
CUST_02257,B,train
CUST_00730,A,train
CUST_01056,B,train
CUST_01903,C,train
CUST_00909,B,train
CUST_03402,A,train
CUST_00782,B,train
CUST_04554,D,train
CUST_04698,B,train
CUST_01077,B,train
CUST_02146,C,train
CUST_01701,D,train
CUST_02191,B,train
CUST_04236,B,train
CUST_03122,A,train
CUST_03469,C,train
CUST_00575,D,train
CUST_03748,B,train
CUST_03268,B,train
CUST_01145,B,train
CUST_02173,A,train
CUST_00930,B,train
CUST_02255,D,train
CUST_02392,A,train
CUST_00629,A,train
CUST_02248,C,train
CUST_04075,C,train
CUST_03383,A,train
CUST_02589,A,train
CUST_03052,B,train
CUST_01981,A,train
CUST_01144,B,train
CUST_03230,A,train
CUST_03019,A,train
CUST_02597,B,train
CUST_02722,C,train
CUST_04205,A,train
CUST_00936,B,train
CUST_01242,C,train
CUST_00949,D,train
CUST_01253,A,train
CUST_02521,C,train
CUST_02697,C,train
CUST_00038,A,train
CUST_02489,B,train
CUST_00709,A,train
CUST_01606,B,train
CUST_02901,A,train
CUST_04811,A,train
CUST_03076,D,train
CUST_01735,A,train
CUST_02270,B,train
CUST_04983,C,train
CUST_00285,B,train
CUST_01427,A,train
CUST_01448,C,train
CUST_03638,A,train
CUST_00150,B,train
CUST_03578,B,train
CUST_02716,B,train
CUST_00592,C,train
CUST_02055,C,train
CUST_02512,D,train
CUST_03597,A,train
CUST_04206,B,train
CUST_04345,B,train
CUST_00441,A,train
CUST_03591,D,train
CUST_03873,A,train
CUST_03626,B,train
CUST_00923,D,train
CUST_00564,A,train
CUST_01930,A,train
CUST_04585,C,train
CUST_00642,B,train
CUST_01434,C,train
CUST_01286,B,train
CUST_00126,B,train
CUST_01626,C,train
CUST_02850,B,train
CUST_02032,B,train
CUST_04328,D,train
CUST_01860,C,train
CUST_03507,D,train
CUST_00735,B,train
CUST_00540,A,train
CUST_01440,C,train
CUST_04744,D,train
CUST_04101,C,train
CUST_03444,D,train
CUST_04010,A,train
CUST_01700,B,train
CUST_03238,D,train
CUST_03860,C,train
CUST_02565,B,train
CUST_01389,D,train
CUST_01371,D,train
CUST_00168,A,train
CUST_00791,A,train
CUST_02056,C,train
CUST_00726,C,train
CUST_03657,B,train
CUST_00769,B,train
CUST_02961,A,train
CUST_03583,B,train
CUST_00078,A,train
CUST_02738,B,train
CUST_01260,B,train
CUST_02639,D,train
CUST_01151,C,train
CUST_02829,B,train
CUST_03324,B,train
CUST_01844,C,train
CUST_01267,B,train
CUST_02624,D,train
CUST_01083,B,train
CUST_03951,A,train
CUST_01198,D,train
CUST_03807,B,train
CUST_00071,C,train
CUST_01364,C,train
CUST_00143,B,train
CUST_03967,B,train
CUST_02781,A,train
CUST_02227,B,train
CUST_03494,D,train
CUST_02659,A,train
CUST_04239,C,train
CUST_01107,B,train
CUST_00498,A,train
CUST_00600,A,train
CUST_02006,C,train
CUST_01859,C,train
CUST_03172,B,train
CUST_04878,C,train
CUST_01261,B,train
CUST_04806,B,train
CUST_04430,C,train
CUST_04183,C,train
CUST_03735,A,train
CUST_02602,A,train
CUST_04081,C,train
CUST_03179,C,train
CUST_01983,B,train
CUST_01739,B,train
CUST_01757,D,train
CUST_04210,A,train
CUST_02010,B,train
CUST_03358,B,train
CUST_02661,B,train
CUST_00945,A,train
CUST_00342,B,train
CUST_00955,B,train
CUST_04487,A,train
CUST_02339,A,train
CUST_01535,B,train
CUST_01209,B,train
CUST_00961,A,train
CUST_04499,B,train
CUST_03403,D,train
CUST_00448,C,train
CUST_01014,A,train
CUST_01562,A,train
CUST_00551,B,train
CUST_03654,A,train
CUST_04993,B,train
CUST_03632,A,train
CUST_03668,A,train
CUST_04471,D,train
CUST_02572,D,train
CUST_04015,C,train
CUST_00411,B,train
CUST_03018,B,train
CUST_02276,C,train
CUST_02856,B,train
CUST_01530,B,train
CUST_03057,C,train
CUST_03551,C,train
CUST_03785,C,train
CUST_00490,D,train
CUST_02045,D,train
CUST_04570,D,train
CUST_01473,D,train
CUST_02072,B,train
CUST_03750,D,train
CUST_02519,C,train
CUST_03114,A,train
CUST_04593,B,train
CUST_00714,B,train
CUST_04252,A,train
CUST_03936,B,train
CUST_02427,A,train
CUST_00597,C,train
CUST_04556,B,train
CUST_00675,B,train
CUST_04774,C,train
CUST_02792,D,train
CUST_02786,A,train
CUST_04881,A,train
CUST_00318,A,train
CUST_03038,D,train
CUST_00206,A,train
CUST_04994,C,train
CUST_01967,A,train
CUST_04558,C,train
CUST_03462,A,train
CUST_01943,C,train
CUST_02678,A,train
CUST_01146,D,train
CUST_03171,C,train
CUST_03100,B,train
CUST_01677,A,train
CUST_01207,C,train
CUST_04595,B,train
CUST_01136,A,train
CUST_00762,B,train
CUST_02082,A,train
CUST_03960,A,train
CUST_04331,B,train
CUST_00042,B,train
CUST_01329,C,train
CUST_01110,A,train
CUST_01573,C,train
CUST_00644,B,train
CUST_01163,B,train
CUST_00178,B,train
CUST_04675,B,train
CUST_02066,C,train
CUST_04371,A,train
CUST_01326,B,train
CUST_01801,D,train
CUST_00121,C,train
CUST_01431,B,train
CUST_00222,B,train
CUST_04150,C,train
CUST_04506,B,train
CUST_02485,B,train
CUST_00495,B,train
CUST_03089,B,train
CUST_01690,C,train
CUST_04624,C,train
CUST_00721,D,train
CUST_01592,D,train
CUST_02663,A,train
CUST_03207,D,train
CUST_00236,C,train
CUST_00848,D,train
CUST_00160,C,train
CUST_01215,C,train
CUST_02424,B,train
CUST_04745,A,train
CUST_04884,A,train
CUST_04429,A,train
CUST_04578,A,train
CUST_03194,B,train
CUST_04999,C,train
CUST_04362,C,train
CUST_04784,B,train
CUST_04477,B,train
CUST_03596,C,train
CUST_04989,C,train
CUST_04258,B,train
CUST_00263,A,train
CUST_01392,A,train
CUST_00801,C,train
CUST_04228,C,train
CUST_03182,B,train
CUST_04229,B,train
CUST_04755,D,train
CUST_03359,C,train
CUST_01362,A,train
CUST_04853,C,train
CUST_02061,A,train
CUST_03746,A,train
CUST_04483,B,train
CUST_03385,A,train
CUST_04953,B,train
CUST_02586,C,train
CUST_02328,A,train
CUST_01553,C,train
CUST_02508,B,train
CUST_01106,A,train
CUST_02132,A,train
CUST_00167,B,train
CUST_02635,C,train
CUST_02729,A,train
CUST_00879,A,train
CUST_02966,C,train
CUST_04507,C,train
CUST_02369,B,train
CUST_01302,D,train
CUST_03941,C,train
CUST_00470,D,train
CUST_02205,C,train
CUST_04938,B,train
CUST_03990,D,train
CUST_03914,D,train
CUST_01219,C,train
CUST_04290,C,train
CUST_04866,C,train
CUST_02577,D,train
CUST_03932,A,train
CUST_03074,B,train
CUST_02960,C,train
CUST_03128,A,train
CUST_00684,C,train
CUST_03022,B,train
CUST_03154,B,train
CUST_03539,C,train
CUST_00698,B,train
CUST_00851,A,train
CUST_00588,A,train
CUST_04780,A,train
CUST_00332,C,train
CUST_03039,A,train
CUST_02928,D,train
CUST_03896,C,train
CUST_00018,B,train
CUST_01994,A,train
CUST_02802,D,train
CUST_03872,A,train
CUST_00737,B,train
CUST_01385,C,train
CUST_00225,B,train
CUST_03196,B,train
CUST_00807,D,train
CUST_00929,C,train
CUST_02475,B,train
CUST_02976,A,train
CUST_04772,B,train
CUST_01157,A,train
CUST_02342,A,train
CUST_02999,B,train
CUST_00433,C,train
CUST_02675,D,train
CUST_02681,B,train
CUST_01819,C,train
CUST_02593,B,train
CUST_01556,A,train
CUST_02642,A,train
CUST_01225,B,train
CUST_04808,D,train
CUST_02323,C,train
CUST_03106,B,train
CUST_02462,D,train
CUST_02039,A,train
CUST_04962,A,train
CUST_03227,A,train
CUST_03159,C,train
CUST_03409,A,train
CUST_04919,C,train
CUST_00702,A,train
CUST_01682,D,train
CUST_04883,C,train
CUST_01361,D,train
CUST_02007,B,train
CUST_04103,B,train
CUST_04066,A,train
CUST_02470,B,train
CUST_00491,B,train
CUST_02341,C,train
CUST_01851,B,train
CUST_01588,B,train
CUST_02144,B,train
CUST_03808,B,train
CUST_04640,C,train
CUST_00275,B,train
CUST_03629,C,train
CUST_03190,C,train
CUST_02157,A,train
CUST_02195,A,train
CUST_04515,B,train
CUST_04168,A,train
CUST_02478,C,train
CUST_00364,B,train
CUST_02277,C,train
CUST_00703,B,train
CUST_04005,A,train
CUST_03993,C,train
CUST_02480,C,train
CUST_02664,C,train
CUST_02868,C,train
CUST_01348,B,train
CUST_02719,C,train
CUST_03482,B,train
CUST_00480,B,train
CUST_01597,B,train
CUST_03714,C,train
CUST_02723,C,train
CUST_03615,B,train
CUST_02231,C,train
CUST_04023,C,train
CUST_02655,C,train
CUST_02700,C,train
CUST_04979,A,train
CUST_04268,A,train
CUST_02620,B,train
CUST_04527,C,train
CUST_00668,A,train
CUST_02808,A,train
CUST_02890,C,train
CUST_02332,A,train
CUST_01251,C,train
CUST_01365,C,train
CUST_01202,A,train
CUST_00809,B,train
CUST_00671,A,train
CUST_03473,C,train
CUST_03307,B,train
CUST_02064,B,train
CUST_01026,B,train
CUST_02107,D,train
CUST_01159,D,train
CUST_00429,B,train
CUST_00152,A,train
CUST_02893,C,train
CUST_01322,A,train
CUST_02004,A,train
CUST_02204,A,train
CUST_01143,C,train
CUST_02950,D,train
CUST_00674,B,train
CUST_00398,B,train
CUST_01685,A,train
CUST_00634,B,train
CUST_00035,D,train
CUST_01896,C,train
CUST_01175,C,train
CUST_00005,A,train
CUST_02628,C,train
CUST_03685,C,train
CUST_00673,A,train
CUST_02243,B,train
CUST_01945,C,train
CUST_01668,D,train
CUST_04065,D,train
CUST_00907,C,train
CUST_02673,C,train
CUST_01837,A,train
CUST_00718,D,train
CUST_02707,A,train
CUST_00396,D,train
CUST_00681,C,train
CUST_01049,D,train
CUST_01500,D,train
CUST_00312,A,train
CUST_03461,B,train
CUST_03092,D,train
CUST_00499,D,train
CUST_04249,B,train
CUST_03940,B,train
CUST_00426,B,train
CUST_00170,B,train
CUST_03972,B,train
CUST_04002,C,train
CUST_03734,B,train
CUST_02749,C,train
CUST_00421,C,train
CUST_00707,B,train
CUST_03322,A,train
CUST_03084,B,train
CUST_01886,B,train
CUST_04793,A,train
CUST_00453,B,train
CUST_04606,D,train
CUST_01292,A,train
CUST_00226,A,train
CUST_02481,B,train
CUST_00186,C,train
CUST_04787,D,train
CUST_01454,B,train
CUST_03713,C,train
CUST_03455,D,train
CUST_04391,A,train
CUST_01074,A,train
CUST_03577,A,train
CUST_01270,B,train
CUST_03613,B,train
CUST_00350,C,train
CUST_00386,C,train
CUST_01653,B,train
CUST_01483,B,train
CUST_03345,B,train
CUST_01255,C,train
CUST_04822,B,train
CUST_03198,D,train
CUST_03185,B,train
CUST_01263,B,train
CUST_02389,C,train
CUST_02381,C,train
CUST_02564,A,train
CUST_04164,B,train
CUST_02759,C,train
CUST_01415,B,train
CUST_00574,C,train
CUST_01266,A,train
CUST_03429,D,train
CUST_00252,B,train
CUST_01993,C,train
CUST_02770,C,train
CUST_02945,C,train
CUST_02881,B,train
CUST_03722,C,train
CUST_04286,B,train
CUST_04567,A,train
CUST_01254,A,train
CUST_03672,A,train
CUST_01239,D,train
CUST_00054,D,train
CUST_02300,B,train
CUST_00613,C,train
CUST_03430,B,train
CUST_03702,C,train
CUST_00410,A,train
CUST_02613,A,train
CUST_01161,C,train
CUST_01659,B,train
CUST_04634,D,train
CUST_01552,C,train
CUST_01024,D,train
CUST_03212,C,train
CUST_03040,B,train
CUST_02739,D,train
CUST_00417,B,train
CUST_03315,A,train
CUST_04404,B,train
CUST_01704,B,train
CUST_00895,C,train
CUST_02411,C,train
CUST_03814,C,train
CUST_02811,A,train
CUST_04465,C,train
CUST_00173,B,train
CUST_02434,B,train
CUST_04518,D,train
CUST_02742,A,train
CUST_03561,B,train
CUST_04082,A,train
CUST_01347,B,train
CUST_03604,B,train
CUST_04405,D,train
CUST_00972,D,train
CUST_01224,D,train
CUST_02250,A,train
CUST_01250,C,train
CUST_02239,A,train
CUST_00363,B,train
CUST_01259,A,train
CUST_02153,C,train
CUST_02020,C,train
CUST_04016,B,train
CUST_01661,C,train
CUST_00697,B,train
CUST_03163,B,train
CUST_04116,B,train
CUST_01559,C,train
CUST_00900,A,train
CUST_01027,D,train
CUST_04022,A,train
CUST_00061,B,train
CUST_02605,A,train
CUST_02513,B,train
CUST_02247,A,train
CUST_01881,C,train
CUST_03046,C,train
CUST_04133,C,train
CUST_00382,C,train
CUST_04039,C,train
CUST_01176,B,train
CUST_00758,B,train
CUST_00461,A,train
CUST_03689,A,train
CUST_00009,C,train
CUST_02911,A,train
CUST_03266,A,train
CUST_04011,A,train
CUST_01895,B,train
CUST_03635,A,train
CUST_01006,C,train
CUST_02295,A,train
CUST_03279,B,train
CUST_03693,C,train
CUST_00504,C,train
CUST_04157,B,train
CUST_02252,D,train
CUST_00750,C,train
CUST_00857,A,train
CUST_03830,A,train
CUST_02409,D,train
CUST_01778,B,train
CUST_03274,B,train
CUST_03169,C,train
CUST_02183,A,train
CUST_00937,A,train
CUST_01991,C,train
CUST_02743,A,train
CUST_01876,B,train
CUST_01153,C,train
CUST_02910,B,train
CUST_02559,A,train
CUST_00036,C,train
CUST_04867,B,train
CUST_02632,C,train
CUST_02616,A,train
CUST_01426,D,train
CUST_01180,B,train
CUST_00436,C,train
CUST_00230,C,train
CUST_00679,D,train
CUST_02088,C,train
CUST_03475,C,train
CUST_03301,B,train
CUST_04325,C,train
CUST_02390,C,train
CUST_02650,B,train
CUST_00757,C,train
CUST_02648,B,train
CUST_01872,A,train
CUST_02170,B,train
CUST_01820,B,train
CUST_00260,A,train
CUST_00240,A,train
CUST_03793,B,train
CUST_02383,D,train
CUST_04151,A,train
CUST_04653,B,train
CUST_03197,D,train
CUST_01782,D,train
CUST_04139,C,train
CUST_01038,C,train
CUST_04617,C,train
CUST_04097,A,train
CUST_02460,B,train
CUST_03080,D,train
CUST_02579,B,train
CUST_00310,B,train
CUST_02122,B,train
CUST_01447,C,train
CUST_00458,B,train
CUST_01043,B,train
CUST_04928,A,train
CUST_04721,B,train
CUST_00256,B,train
CUST_00063,C,train
CUST_00701,B,train
CUST_02315,D,train
CUST_03853,C,train
CUST_04823,B,train
CUST_00971,C,train
CUST_01194,C,train
CUST_00813,A,train
CUST_03332,C,train
CUST_01826,B,train
CUST_02801,C,train
CUST_02527,A,train
CUST_04054,B,train
CUST_01096,A,train
CUST_02618,B,train
CUST_04960,C,train
CUST_00291,A,train
CUST_04474,B,train
CUST_00517,B,train
CUST_00850,B,train
CUST_04548,C,train
CUST_00818,B,train
CUST_00355,A,train
CUST_01476,C,train
CUST_04269,C,train
CUST_01980,C,train
CUST_01856,A,train
CUST_03643,B,train
CUST_00915,B,train
CUST_03763,B,train
CUST_01949,B,train
CUST_03584,D,train
CUST_02211,C,train
CUST_00853,A,train
CUST_03175,A,train
CUST_00847,A,train
CUST_02452,D,train
CUST_01288,B,train
CUST_03682,A,train
CUST_03912,B,train
CUST_00367,D,train
CUST_00179,D,train
CUST_04849,C,train
CUST_02226,B,train
CUST_02537,C,train
CUST_04700,D,train
CUST_02546,B,train
CUST_00380,B,train
CUST_03011,B,train
CUST_03051,A,train
CUST_03460,C,train
CUST_01033,A,train
CUST_02596,C,train
CUST_01873,B,train
CUST_03416,B,train
CUST_04988,C,train
CUST_01080,D,train
CUST_02941,B,train
CUST_04458,A,train
CUST_03916,B,train
CUST_01866,D,train
CUST_04163,B,train
CUST_02974,C,train
CUST_04026,C,train
CUST_00106,A,train
CUST_02274,C,train
CUST_00074,C,train
CUST_04660,C,train
CUST_04555,B,train
CUST_04473,A,train
CUST_01346,B,train
CUST_03424,A,train
CUST_04607,C,train
CUST_02708,B,train
CUST_04759,B,train
CUST_02238,A,train
CUST_04141,B,train
CUST_04335,B,train
CUST_01407,C,train
CUST_01433,B,train
CUST_00141,D,train
CUST_03214,C,train
CUST_02496,B,train
CUST_02396,B,train
CUST_03120,A,train
CUST_04918,B,train
CUST_04765,B,train
CUST_02182,A,train
CUST_00844,D,train
CUST_03573,C,train
CUST_00538,A,train
CUST_01754,A,train
CUST_03391,B,train
CUST_01517,C,train
CUST_01307,C,train
CUST_04574,C,train
CUST_04142,A,train
CUST_00473,A,train
CUST_03398,C,train
CUST_03394,B,train
CUST_03090,A,train
CUST_02699,C,train
CUST_00962,C,train
CUST_02165,B,train
CUST_02318,B,train
CUST_03986,D,train
CUST_03340,C,train
CUST_02199,B,train
CUST_03423,C,train
CUST_00912,B,train
CUST_03570,D,train
CUST_03484,D,train
CUST_01459,A,train
CUST_01070,B,train
CUST_02179,C,train
CUST_00524,C,train
CUST_01684,C,train
CUST_00835,B,train
CUST_01660,B,train
CUST_03054,B,train
CUST_04968,C,train
CUST_04170,A,train
CUST_02845,B,train
CUST_02545,A,train
CUST_01416,D,train
CUST_03589,A,train
CUST_04308,C,train
CUST_02138,C,train
CUST_00606,B,train
CUST_00986,B,train
CUST_01526,A,train
CUST_00584,B,train
CUST_04576,B,train
CUST_04112,B,train
CUST_02630,B,train
CUST_02334,C,train
CUST_02891,B,train
CUST_03948,C,train
CUST_04293,B,train
CUST_00021,C,train
CUST_00045,B,train
CUST_04625,D,train
CUST_03364,B,train
CUST_01022,B,train
CUST_02081,A,train
CUST_02712,B,train
CUST_00886,A,train
CUST_02286,B,train
CUST_03386,D,train
CUST_00788,B,train
CUST_01237,D,train
CUST_04358,C,train
CUST_03614,C,train
CUST_04256,C,train
CUST_04843,B,train
CUST_03292,D,train
CUST_04891,B,train
CUST_01805,B,train
CUST_04227,B,train
CUST_00670,B,train
CUST_04320,B,train
CUST_01420,D,train
CUST_01947,B,train
CUST_01169,A,train
CUST_02583,B,train
CUST_02281,A,train
CUST_04691,B,train
CUST_04337,B,train
CUST_03353,D,train
CUST_04818,C,train
CUST_02548,B,train
CUST_02695,D,train
CUST_01915,B,train
CUST_02031,A,train
CUST_02296,A,train
CUST_04804,A,train
CUST_04451,B,train
CUST_03204,D,train
CUST_01337,A,train
CUST_03272,A,train
CUST_04223,D,train
CUST_01004,C,train
CUST_04056,A,train
CUST_00875,A,train
CUST_01046,C,train
CUST_02446,B,train
CUST_03333,A,train
CUST_04297,A,train
CUST_00647,B,train
CUST_01226,C,train
CUST_03774,C,train
CUST_01570,B,train
CUST_01025,D,train
CUST_02524,B,train
CUST_04398,A,train
CUST_01941,A,train
CUST_04770,B,train
CUST_02476,D,train
CUST_02364,B,train
CUST_02919,B,train
CUST_00171,C,train
CUST_00509,D,train
CUST_01518,D,train
CUST_02506,A,train
CUST_01298,A,train
CUST_02768,A,train
CUST_02078,B,train
CUST_03291,A,train
CUST_00867,A,train
CUST_02952,C,train
CUST_00237,B,train
CUST_02030,C,train
CUST_00836,B,train
CUST_03927,C,train
CUST_01384,B,train
CUST_01523,B,train
CUST_00442,D,train
CUST_02955,D,train
CUST_04955,B,train
CUST_02492,A,train
CUST_00249,D,train
CUST_01280,B,train
CUST_01468,B,train
CUST_03556,C,train
CUST_02108,D,train
CUST_04403,A,train
CUST_00903,A,train
CUST_04128,D,train
CUST_04870,C,train
CUST_01015,C,train
CUST_01854,C,train
CUST_02357,D,train
CUST_01428,D,train
CUST_02736,C,train
CUST_03082,D,train
CUST_02457,B,train
CUST_03075,B,train
CUST_01899,B,train
CUST_04370,A,train
CUST_01388,A,train
CUST_00774,B,train
CUST_04686,B,train
CUST_02997,A,train
CUST_03116,D,train
CUST_02725,B,train
CUST_04943,C,train
CUST_00020,B,train
CUST_02796,B,train
CUST_02057,B,train
CUST_03505,D,train
CUST_03129,D,train
CUST_00261,C,train
CUST_04090,A,train
CUST_01537,A,train
CUST_02645,A,train
CUST_01962,B,train
CUST_00452,B,train
CUST_02571,B,train
CUST_03602,B,train
CUST_01342,B,train
CUST_03111,C,train
CUST_03187,B,train
CUST_01976,D,train
CUST_00560,C,train
CUST_04847,D,train
CUST_03203,A,train
CUST_01934,C,train
CUST_02849,B,train
CUST_00794,C,train
CUST_03357,C,train
CUST_01627,A,train
CUST_03435,C,train
CUST_01446,A,train
CUST_02384,B,train
CUST_03467,B,train
CUST_03118,A,train
CUST_03623,A,train
CUST_00198,D,train
CUST_04580,C,train
CUST_00941,B,train
CUST_00360,B,train
CUST_03289,D,train
CUST_00317,B,train
CUST_01422,B,train
CUST_01344,C,train
CUST_03297,C,train
CUST_04748,A,train
CUST_02015,B,train
CUST_04583,C,train
CUST_00995,B,train
CUST_00068,C,train
CUST_01707,C,train
CUST_00060,B,train
CUST_03917,C,train
CUST_01858,B,train
CUST_01311,A,train
CUST_02846,B,train
CUST_01506,B,train
CUST_00545,C,train
CUST_01395,B,train
CUST_00040,B,train
CUST_00868,A,train
CUST_00104,B,train
CUST_02959,B,train
CUST_02172,A,train
CUST_01372,A,train
CUST_02304,B,train
CUST_04117,D,train
CUST_02266,C,train
CUST_03352,B,train
CUST_04245,B,train
CUST_01847,A,train
CUST_02800,A,train
CUST_01730,C,train
CUST_04028,A,train
CUST_01605,A,train
CUST_03310,B,train
CUST_02077,A,train
CUST_04705,B,train
CUST_00739,B,train
CUST_01399,C,train
CUST_03769,A,train
CUST_01698,A,train
CUST_04509,B,train
CUST_03338,C,train
CUST_00710,C,train
CUST_02097,B,train
CUST_01001,A,train
CUST_02453,B,train
CUST_04631,A,train
CUST_02771,A,train
CUST_03700,B,train
CUST_03723,D,train
CUST_00682,B,train
CUST_03524,A,train
CUST_03123,A,train
CUST_02822,A,train
CUST_02080,C,train
CUST_01115,B,train
CUST_00099,A,train
CUST_03806,D,train
CUST_01709,C,train
CUST_02830,A,train
CUST_04817,D,train
CUST_00378,A,train
CUST_00828,B,train
CUST_03751,D,train
CUST_03323,C,train
CUST_00273,D,train
CUST_00076,C,train
CUST_04272,D,train
CUST_03233,A,train
CUST_03884,A,train
CUST_02724,B,train
CUST_04457,C,train
CUST_04453,C,train
CUST_00534,B,train
CUST_02454,B,train
CUST_01655,A,train
CUST_02398,A,train
CUST_02880,A,train
CUST_00806,C,train
CUST_01926,A,train
CUST_01455,A,train
CUST_00088,C,train
CUST_04180,B,train
CUST_04886,D,train
CUST_02614,C,train
CUST_04250,D,train
CUST_00487,A,train
CUST_02840,B,train
CUST_00269,B,train
CUST_04006,B,train
CUST_03241,B,train
CUST_03246,A,train
CUST_02757,B,train
CUST_01297,A,train
CUST_03744,A,train
CUST_00112,A,train
CUST_01272,D,train
CUST_04503,B,train
CUST_04877,C,train
CUST_03799,A,train
CUST_02128,A,train
CUST_03725,B,train
CUST_02086,B,train
CUST_00138,C,train
CUST_01359,B,train
CUST_02514,B,train
CUST_03457,B,train
CUST_03974,C,train
CUST_01117,A,train
CUST_00547,A,train
CUST_01470,C,train
CUST_03306,B,train
CUST_04413,C,train
CUST_03648,B,train
CUST_03547,A,train
CUST_02331,B,train
CUST_02713,B,train
CUST_03367,B,train
CUST_01748,B,train
CUST_03612,A,train
CUST_00316,C,train
CUST_00471,A,train
CUST_01008,C,train
CUST_00151,D,train
CUST_01594,A,train
CUST_03001,C,train
CUST_03704,C,train
CUST_02720,A,train
CUST_00136,B,train
CUST_02126,C,train
CUST_04946,D,train
CUST_01634,C,train
CUST_00019,B,train
CUST_01350,A,train
CUST_00400,C,train
CUST_00527,B,train
CUST_03726,D,train
CUST_04848,A,train
CUST_01563,C,train
CUST_04874,A,train
CUST_04767,D,train
CUST_00989,A,train
CUST_02309,A,train
CUST_04162,A,train
CUST_03276,C,train
CUST_03218,A,train
CUST_00908,B,train
CUST_01168,B,train
CUST_00195,B,train
CUST_01336,C,train
CUST_00734,B,train
CUST_02435,D,train
CUST_02963,B,train
CUST_04012,B,train
CUST_03909,B,train
CUST_03071,C,train
CUST_01641,B,train
CUST_04820,A,train
CUST_01469,D,train
CUST_03311,C,train
CUST_04888,C,train
CUST_04791,A,train
CUST_04266,B,train
CUST_01432,B,train
CUST_01340,A,train
CUST_04604,B,train
CUST_04599,B,train
CUST_01692,B,train
CUST_03832,C,train
CUST_04315,D,train
CUST_02109,B,train
CUST_03649,B,train
CUST_04137,C,train
CUST_01783,B,train
CUST_04790,B,train
CUST_01840,A,train
CUST_02872,D,train
CUST_04313,A,train
CUST_03544,B,train
CUST_00706,D,train
CUST_00870,D,train
CUST_00276,B,train
CUST_03837,D,train
CUST_02710,B,train
CUST_04792,D,train
CUST_04948,C,train
CUST_02904,B,train
CUST_01197,D,train
CUST_03309,B,train
CUST_04085,A,train
CUST_01733,B,train
CUST_04439,D,train
CUST_02035,C,train
CUST_04003,C,train
CUST_02232,A,train
CUST_01560,D,train
CUST_02054,D,train
CUST_03920,C,train
CUST_03465,A,train
CUST_01549,A,train
CUST_03087,B,train
CUST_03688,B,train
CUST_01974,B,train
CUST_04773,A,train
CUST_01582,B,train
CUST_01610,B,train
CUST_02219,D,train
CUST_01898,A,train
CUST_00113,D,train
CUST_04242,B,train
CUST_04632,B,train
CUST_01763,A,train
CUST_04498,A,train
CUST_02748,A,train
CUST_01210,D,train
CUST_00814,D,train
CUST_02581,A,train
CUST_03456,A,train
CUST_04000,A,train
CUST_01199,C,train
CUST_04895,B,train
CUST_01923,C,train
CUST_02704,A,train
CUST_01167,C,train
CUST_02715,A,train
CUST_03534,B,train
CUST_03856,A,train
CUST_01085,D,train
CUST_02268,C,train
CUST_02887,B,train
CUST_04147,A,train
CUST_03652,B,train
CUST_02975,B,train
CUST_04931,B,train
CUST_03303,B,train
CUST_03514,C,train
CUST_00725,B,train
CUST_00319,A,train
CUST_01057,C,train
CUST_02382,D,train
CUST_02442,B,train
CUST_03699,D,train
CUST_03915,D,train
CUST_03448,C,train
CUST_00075,C,train
CUST_03934,A,train
CUST_03895,C,train
CUST_04594,B,train
CUST_00773,A,train
CUST_04757,A,train
CUST_03254,A,train
CUST_04776,C,train
CUST_02626,D,train
CUST_03660,D,train
CUST_04020,A,train
CUST_00305,C,train
CUST_02185,C,train
CUST_02254,C,train
CUST_04420,A,train
CUST_01758,B,train
CUST_04025,C,train
CUST_04859,D,train
CUST_02701,B,train
CUST_02539,C,train
CUST_00934,B,train
CUST_02404,B,train
CUST_01998,A,train
CUST_03902,B,train
CUST_03321,B,train
CUST_00657,B,train
CUST_03987,A,train
CUST_02925,B,train
CUST_04967,D,train
CUST_00337,D,train
CUST_04118,B,train
CUST_01705,B,train
CUST_03425,C,train
CUST_02135,C,train
CUST_01218,C,train
CUST_01798,A,train
CUST_03249,D,train
CUST_03633,B,train
CUST_03846,C,train
CUST_01396,C,train
CUST_03728,A,train
CUST_02794,B,train
CUST_02152,A,train
CUST_02865,B,train
CUST_02784,C,train
CUST_04718,D,train
CUST_00265,D,train
CUST_01358,B,train
CUST_04057,C,train
CUST_02224,A,train
CUST_01721,A,train
CUST_04091,C,train
CUST_03521,A,train
CUST_01023,D,train
CUST_02644,C,train
CUST_03447,C,train
CUST_00190,A,train
CUST_04764,A,train
CUST_01673,D,train
CUST_01424,A,train
CUST_03189,C,train
CUST_00365,D,train
CUST_01831,D,train
CUST_00846,B,train
CUST_01538,C,train
CUST_01917,D,train
CUST_01072,A,train
CUST_04174,B,train
CUST_01352,B,train
CUST_00632,D,train
CUST_01271,C,train
CUST_00783,A,train
CUST_04202,A,train
CUST_00519,D,train
CUST_04690,D,train
CUST_02686,A,train
CUST_04476,B,train
CUST_00761,A,train
CUST_02036,B,train
CUST_04353,B,train
CUST_03610,D,train
CUST_01846,A,train
CUST_03016,B,train
CUST_02120,D,train
CUST_02777,A,train
CUST_01188,A,train
CUST_03606,A,train
CUST_02000,B,train
CUST_00626,B,train
CUST_02958,D,train
CUST_04037,D,train
CUST_03304,B,train
CUST_03991,A,train
CUST_03244,C,train
CUST_02043,B,train
CUST_01916,C,train
CUST_03374,C,train
CUST_00738,C,train
CUST_04581,D,train
CUST_01715,A,train
CUST_02839,C,train
CUST_00026,C,train
CUST_02573,B,train
CUST_02824,A,train
CUST_03929,C,train
CUST_00559,C,train
CUST_01037,B,train
CUST_04107,D,train
CUST_01490,B,train
CUST_01141,C,train
CUST_04031,C,train
CUST_02932,C,train
CUST_02667,A,train
CUST_01050,A,train
CUST_04106,C,train
CUST_00969,B,train
CUST_02669,C,train
CUST_00238,A,train
CUST_04997,A,train
CUST_03454,B,train
CUST_00270,B,train
CUST_00974,A,train
CUST_00370,A,train
CUST_03684,A,train
CUST_03996,B,train
CUST_03017,C,train
CUST_04922,C,train
CUST_00876,A,train
CUST_02471,A,train
CUST_02325,C,train
CUST_00435,A,train
CUST_03350,A,train
CUST_02809,B,train
CUST_02670,B,train
CUST_03105,B,train
CUST_03694,A,train
CUST_01264,B,train
CUST_04376,B,train
CUST_00241,D,train
CUST_00466,B,train
CUST_00204,D,train
CUST_02222,B,train
CUST_03905,C,train
CUST_04121,B,train
CUST_01855,D,train
CUST_04122,B,train
CUST_01932,B,train
CUST_01121,D,train
CUST_00533,D,train
CUST_02284,A,train
CUST_03736,B,train
CUST_03779,C,train
CUST_01948,A,train
CUST_01584,B,train
CUST_03865,A,train
CUST_01132,B,train
CUST_04497,B,train
CUST_02493,C,train
CUST_01616,C,train
CUST_04571,B,train
CUST_02378,C,train
CUST_02692,B,train
CUST_04861,C,train
CUST_02864,B,train
CUST_00008,D,train
CUST_01196,D,train
CUST_03363,C,train
CUST_04711,B,train
CUST_00898,D,train
CUST_02283,B,train
CUST_03928,C,train
CUST_04456,A,train
CUST_04437,B,train
CUST_02356,A,train
CUST_02366,A,train
CUST_01825,C,train
CUST_00004,B,train
CUST_01299,C,train
CUST_04275,C,train
CUST_03609,D,train
CUST_00262,D,train
CUST_03316,C,train
CUST_03000,D,train
CUST_02412,A,train
CUST_03050,B,train
CUST_00515,A,train
CUST_03132,C,train
CUST_04838,B,train
CUST_04346,B,train
CUST_04397,B,train
CUST_04708,A,train
CUST_04231,C,train
CUST_03012,B,train
CUST_04924,D,train
CUST_02455,B,train
CUST_03727,A,train
CUST_03107,C,train
CUST_02280,A,train
CUST_00219,C,train
CUST_02287,D,train
CUST_03971,D,train
CUST_00182,A,train
CUST_01959,C,train
CUST_00905,B,train
CUST_03954,A,train
CUST_02269,A,train
CUST_01956,D,train
CUST_04830,B,train
CUST_01867,A,train
CUST_02660,C,train
CUST_00394,C,train
CUST_02754,B,train
CUST_04694,B,train
CUST_00153,A,train
CUST_01190,C,train
CUST_01503,A,train
CUST_02367,A,train
CUST_04179,B,train
CUST_00191,A,train
CUST_00401,A,train
CUST_03177,C,train
CUST_00439,C,train
CUST_01988,B,train
CUST_00893,C,train
CUST_04636,D,train
CUST_04696,D,train
CUST_03005,B,train
CUST_02978,A,train
CUST_00858,B,train
CUST_00987,C,train
CUST_03389,A,train
CUST_02186,D,train
CUST_03440,D,train
CUST_00910,B,train
CUST_00841,A,train
CUST_02351,C,train
CUST_01835,C,train
CUST_03526,A,train
CUST_04850,A,train
CUST_03666,B,train
CUST_00388,A,train
CUST_01631,C,train
CUST_01379,B,train
CUST_01240,A,train
CUST_03168,A,train
CUST_03870,A,train
CUST_00397,D,train
CUST_02885,A,train
CUST_03480,B,train
CUST_00320,A,train
CUST_02905,B,train
CUST_00073,A,train
CUST_00445,C,train
CUST_03439,D,train
CUST_02022,B,train
CUST_01580,B,train
CUST_01438,C,train
CUST_04709,C,train
CUST_01315,B,train
CUST_03290,A,train
CUST_01140,B,train
CUST_01391,A,train
CUST_03829,C,train
CUST_00609,B,train
CUST_00218,C,train
CUST_03235,B,train
CUST_00251,B,train
CUST_04722,A,train
CUST_02417,B,train
CUST_03834,B,train
CUST_03025,A,train
CUST_00011,A,train
CUST_01333,A,train
CUST_04253,B,train
CUST_04551,D,train
CUST_00232,B,train
CUST_02027,C,train
CUST_04992,B,train
CUST_02734,D,train
CUST_00067,A,train
CUST_04261,A,train
CUST_00446,D,train
CUST_00792,B,train
CUST_02468,A,train
CUST_02814,A,train
CUST_01924,B,train
CUST_03131,C,train
CUST_02289,B,train
CUST_04565,A,train
CUST_02818,A,train
CUST_00085,B,train
CUST_01036,C,train
CUST_00521,B,train
CUST_02163,B,train
CUST_03360,C,train
CUST_01122,D,train
CUST_01865,D,train
CUST_01828,D,train
CUST_00298,A,train
CUST_04654,C,train
CUST_00552,C,train
CUST_00849,B,train
CUST_03053,B,train
CUST_03758,B,train
CUST_00488,B,train
CUST_01409,B,train
CUST_03787,B,train
CUST_03355,A,train
CUST_03869,C,train
CUST_01116,B,train
CUST_04357,A,train
CUST_03890,B,train
CUST_02160,C,train
CUST_02547,A,train
CUST_04720,D,train
CUST_00234,B,train
CUST_00051,D,train
CUST_04834,A,train
CUST_01564,B,train
CUST_01053,D,train
CUST_00007,A,train
CUST_02504,D,train
CUST_04805,C,train
CUST_01624,D,train
CUST_00387,B,train
CUST_00804,C,train
CUST_04073,B,train
CUST_01290,A,train
CUST_03858,B,train
CUST_00803,B,train
CUST_04525,C,train
CUST_04945,C,train
CUST_03155,B,train
CUST_02894,C,train
CUST_03305,A,train
CUST_03037,B,train
CUST_02936,A,train
CUST_01040,B,train
CUST_00334,A,train
CUST_00438,C,train
CUST_03347,B,train
CUST_01953,B,train
CUST_02558,B,train
CUST_04892,A,train
CUST_02588,C,train
CUST_00348,A,train
CUST_00393,B,train
CUST_01963,C,train
CUST_03977,B,train
CUST_01723,B,train
CUST_00569,D,train
CUST_04950,C,train
CUST_00014,A,train
CUST_04248,A,train
CUST_03468,C,train
CUST_00247,B,train
CUST_03553,B,train
CUST_01377,B,train
CUST_01125,C,train
CUST_00267,C,train
CUST_03099,A,train
CUST_04470,D,train
CUST_01645,A,train
CUST_00125,A,train
CUST_01214,C,train
CUST_00838,B,train
CUST_01369,A,train
CUST_00402,D,train
CUST_04349,C,train
CUST_04516,B,train
CUST_03792,A,train
CUST_03376,C,train
CUST_02316,A,train
CUST_00015,A,train
CUST_00508,C,train
CUST_02520,C,train
CUST_04270,D,train
CUST_00608,B,train
CUST_04102,B,train
CUST_04749,B,train
CUST_04283,A,train
CUST_00292,A,train
CUST_00933,D,train
CUST_01803,B,train
CUST_00481,C,train
CUST_02629,B,train
CUST_02833,A,train
CUST_02377,B,train
CUST_01567,C,train
CUST_02562,C,train
CUST_03004,C,train
CUST_04038,C,train
CUST_03137,C,train
CUST_00653,B,train
CUST_03533,B,train
CUST_01480,B,train
CUST_04914,A,train
CUST_04344,C,train
CUST_00289,B,train
CUST_02735,D,train
CUST_03147,D,train
CUST_03320,C,train
CUST_00529,A,train
CUST_03893,C,train
CUST_00392,B,train
CUST_02791,C,train
CUST_00022,A,train
CUST_04074,C,train
CUST_00064,B,train
CUST_02592,C,train
CUST_00619,C,train
CUST_02957,C,train
CUST_04251,B,train
CUST_04802,A,train
CUST_00110,A,train
CUST_03673,C,train
CUST_00050,A,train
CUST_04018,D,train
CUST_04219,C,train
CUST_03165,A,train
CUST_00994,B,train
CUST_03341,D,train
CUST_03479,B,train
CUST_03973,B,train
CUST_04540,A,train
CUST_03543,A,train
CUST_01524,A,train
CUST_00795,A,train
CUST_04255,A,train
CUST_00637,B,train
CUST_02095,B,train
CUST_04920,B,train
CUST_01630,B,train
CUST_02937,C,train
CUST_04434,D,train
CUST_04246,D,train
CUST_02230,B,train
CUST_04719,B,train
CUST_02787,D,train
CUST_00863,B,train
CUST_04185,A,train
CUST_04612,A,train
CUST_03554,B,train
CUST_02436,B,train
CUST_01992,A,train
CUST_02541,C,train
CUST_02879,B,train
CUST_03020,C,train
CUST_01064,B,train
CUST_03366,C,train
CUST_04146,C,train
CUST_03777,C,train
CUST_00209,A,train
CUST_02989,C,train
CUST_02772,B,train
CUST_03980,B,train
CUST_00220,C,train
CUST_01541,C,train
CUST_01296,A,train
CUST_02291,C,train
CUST_03550,B,train
CUST_02100,B,train
CUST_01864,B,train
CUST_01770,B,train
CUST_00425,A,train
CUST_02685,B,train
CUST_04304,B,train
CUST_00324,B,train
CUST_00144,B,train
CUST_02985,B,train
CUST_03284,D,train
CUST_04448,C,train
CUST_01206,C,train
CUST_01744,A,train
CUST_04265,C,train
CUST_01103,D,train
CUST_03535,A,train
CUST_03034,A,train
CUST_04933,D,train
CUST_04165,C,train
CUST_04873,A,train
CUST_03618,C,train
CUST_02308,C,train
CUST_03442,B,train
CUST_03014,B,train
CUST_03314,A,train
CUST_04944,B,train
CUST_04323,C,train
CUST_03221,B,train
CUST_03907,B,train
CUST_03592,A,train
CUST_00418,B,train
CUST_00309,C,train
CUST_02852,A,train
CUST_00391,D,train
CUST_02263,D,train
CUST_01274,A,train
CUST_00385,C,train
CUST_02751,B,train
CUST_00830,B,train
CUST_01173,C,train
CUST_03761,A,train
CUST_00967,C,train
CUST_03224,A,train
CUST_01970,A,train
CUST_04875,B,train
CUST_00163,C,train
CUST_03176,A,train
CUST_02503,B,train
CUST_04633,C,train
CUST_02526,B,train
CUST_04336,A,train
CUST_00428,D,train
CUST_04836,A,train
CUST_01368,D,train
CUST_01221,D,train
CUST_00283,B,train
CUST_01091,D,train
CUST_01093,C,train
CUST_04306,A,train
CUST_01400,C,train
CUST_04966,A,train
CUST_03745,A,train
CUST_00016,A,train
CUST_00033,A,train
CUST_01593,A,train
CUST_04978,A,train
CUST_01769,B,train
CUST_02973,C,train
CUST_04627,B,train
CUST_03378,A,train
CUST_02934,B,train
CUST_00013,C,train
CUST_02888,B,train
CUST_00652,B,train
CUST_03150,B,train
CUST_01477,C,train
CUST_01986,A,train
CUST_01789,A,train
CUST_03782,B,train
CUST_02068,B,train
CUST_03481,A,train
CUST_00344,B,train
CUST_01060,C,train
CUST_02473,D,train
CUST_01479,C,train
CUST_03601,A,train
CUST_04149,C,train
CUST_03740,B,train
CUST_03093,B,train
CUST_03264,A,train
CUST_02330,A,train
CUST_01182,B,train
CUST_04842,D,train
CUST_00024,B,train
CUST_00415,C,train
CUST_03892,B,train
CUST_00944,C,train
CUST_03953,D,train
CUST_03043,A,train
CUST_03687,D,train
CUST_00193,D,train
CUST_03287,B,train
CUST_01762,C,train
CUST_01609,A,train
CUST_01889,C,train
CUST_02687,A,train
CUST_01339,A,train
CUST_03999,B,train
CUST_01794,C,train
CUST_05000,B,train
CUST_00978,A,train
CUST_03634,B,train
CUST_03485,B,train
CUST_02908,A,train
CUST_02746,C,train
CUST_03988,B,train
CUST_02883,A,train
CUST_04193,B,train
CUST_04307,B,train
CUST_01252,B,train
CUST_02236,B,train
CUST_02668,C,train
CUST_03486,B,train
CUST_04440,A,train
CUST_03839,D,train
CUST_00549,B,train
CUST_04241,C,train
CUST_00650,B,train
CUST_04533,A,train
CUST_04800,C,train
CUST_00604,A,train
CUST_01353,B,train
CUST_04067,A,train
CUST_00349,B,train
CUST_00278,C,train
CUST_01200,A,train
CUST_01192,B,train
CUST_02028,D,train
CUST_03564,B,train
CUST_04814,B,train
CUST_01150,D,train
CUST_01120,A,train
CUST_01009,A,train
CUST_00117,C,train
CUST_00536,D,train
CUST_03852,A,train
CUST_00102,C,train
CUST_01402,A,train
CUST_01623,B,train
CUST_02923,C,train
CUST_02498,D,train
CUST_01984,B,train
CUST_03527,D,train
CUST_02229,B,train
CUST_00939,A,train
CUST_00518,C,train
CUST_01910,A,train
CUST_01320,A,train
CUST_00156,A,train
CUST_03541,A,train
CUST_03109,B,train
CUST_02982,A,train
CUST_04445,B,train
CUST_04907,D,train
CUST_03015,C,train
CUST_04726,A,train
CUST_03361,C,train
CUST_00475,B,train
CUST_02984,C,train
CUST_02900,A,train
CUST_02651,A,train
CUST_00505,C,train
CUST_03952,C,train
CUST_04786,B,train
CUST_02131,A,train
CUST_04468,A,train
CUST_03631,C,train
CUST_03838,A,train
CUST_00266,C,train
CUST_03144,B,train
CUST_03259,B,train
CUST_00834,A,train
CUST_03167,D,train
CUST_04775,B,train
CUST_03923,C,train
CUST_00134,B,train
CUST_03956,D,train
CUST_03062,A,train
CUST_02292,B,train
CUST_02065,A,train
CUST_01112,A,train
CUST_01904,A,train
CUST_02101,D,train
CUST_02762,A,train
CUST_00464,B,train
CUST_04563,D,train
CUST_02779,B,train
CUST_00889,A,train
CUST_00420,C,train
CUST_04291,B,train
CUST_04111,B,train
CUST_03864,A,train
CUST_01857,C,train
CUST_03822,B,train
CUST_00656,A,train
CUST_03588,C,train
CUST_04340,A,train
CUST_00062,B,train
CUST_01643,B,train
CUST_03831,B,train
CUST_01893,C,train
CUST_00808,D,train
CUST_03545,D,train
CUST_03234,A,train
CUST_01821,A,train
CUST_03139,B,train
CUST_00586,A,train
CUST_01741,C,train
CUST_01710,C,train
CUST_04079,C,train
CUST_03958,B,train
CUST_01678,B,train
CUST_01809,A,train
CUST_03795,A,train
CUST_02810,C,train
CUST_00991,C,train
CUST_03097,D,train
CUST_00286,A,train
CUST_04913,B,train
CUST_01211,B,train
CUST_03028,C,train
CUST_04987,C,train
CUST_00525,C,train
CUST_04662,C,train
CUST_02598,B,train
CUST_02869,B,train
CUST_01510,C,train
CUST_04469,D,train
CUST_01722,A,train
CUST_04200,C,train
CUST_03405,C,train
CUST_02981,B,train
CUST_01648,C,train
CUST_00544,C,train
CUST_00752,D,train
CUST_01607,A,train
CUST_04126,C,train
CUST_02848,A,train
CUST_02113,A,train
CUST_00695,A,train
CUST_04672,D,train
CUST_01458,C,train
CUST_03422,C,train
CUST_04969,D,train
CUST_01097,A,train
CUST_04342,A,train
CUST_01547,C,train
CUST_01044,C,train
CUST_00778,C,train
CUST_00116,D,train
CUST_01063,C,train
CUST_00630,A,train
CUST_04512,B,train
CUST_02297,A,train
CUST_03256,A,train
CUST_02305,D,train
CUST_03508,B,train
CUST_00940,B,train
CUST_02401,B,train
CUST_00655,B,train
CUST_04619,B,train
CUST_04871,B,train
CUST_01632,B,train
CUST_04495,C,train
CUST_04695,B,train
CUST_01652,B,train
CUST_00127,C,train
CUST_00959,A,train
CUST_04088,C,train
CUST_03226,D,train
CUST_01603,A,train
CUST_00395,B,train
CUST_04829,B,train
CUST_03847,D,train
CUST_02373,C,train
CUST_02774,B,train
CUST_04492,C,train
CUST_00486,D,train
CUST_04559,D,train
CUST_03840,C,train
CUST_02483,D,train
CUST_03826,A,train
CUST_02832,C,train
CUST_03228,B,train
CUST_01485,B,train
CUST_00916,B,train
CUST_04880,C,train
CUST_00598,A,train
CUST_03216,A,train
CUST_04961,B,train
CUST_01375,A,train
CUST_04004,A,train
CUST_03161,B,train
CUST_02765,A,train
CUST_01504,B,train
CUST_00693,B,train
CUST_04424,C,train
CUST_00194,C,train
CUST_02634,A,train
CUST_01481,C,train
CUST_02834,B,train
CUST_04169,B,train
CUST_02797,A,train
CUST_03901,B,train
CUST_00742,B,train
CUST_02623,B,train
CUST_02587,A,train
CUST_04318,A,train
CUST_02271,A,train
CUST_04588,A,train
CUST_04530,A,train
CUST_01752,A,train
CUST_01217,A,train
CUST_01726,A,train
CUST_01662,B,train
CUST_00155,D,train
CUST_01134,A,train
CUST_02783,D,train
CUST_04048,B,train
CUST_01827,A,train
CUST_01363,C,train
CUST_01328,C,train
CUST_02140,D,train
CUST_03048,B,train
CUST_03125,C,train
CUST_04683,D,train
CUST_00253,C,train
CUST_03786,A,train
CUST_03412,A,train
CUST_02023,D,train
CUST_02406,C,train
CUST_03273,C,train
CUST_02920,B,train
CUST_04076,B,train
CUST_04383,B,train
CUST_01109,C,train
CUST_01908,B,train
CUST_02408,A,train
CUST_00628,C,train
CUST_00450,A,train
CUST_03471,A,train
CUST_03421,C,train
CUST_00201,C,train
CUST_02344,B,train
CUST_01487,B,train
CUST_04479,B,train
CUST_04109,D,train
CUST_04480,B,train
CUST_03513,D,train
CUST_03449,B,train
CUST_02149,B,test
CUST_04733,C,test
CUST_01011,A,test
CUST_03637,D,test
CUST_02421,A,test
CUST_02918,C,test
CUST_03821,B,test
CUST_02812,C,test
CUST_00694,A,test
CUST_02037,A,test
CUST_00942,B,test
CUST_01842,B,test
CUST_00259,B,test
CUST_03715,D,test
CUST_03772,D,test
CUST_02428,D,test
CUST_01401,A,test
CUST_00369,A,test
CUST_03369,A,test
CUST_04032,B,test
CUST_00570,B,test
CUST_04461,B,test
CUST_02087,A,test
CUST_03173,A,test
CUST_04332,A,test
CUST_03656,A,test
CUST_02133,B,test
CUST_04243,C,test
CUST_02375,C,test
CUST_02993,B,test
CUST_01759,A,test
CUST_04083,C,test
CUST_00048,B,test
CUST_03994,A,test
CUST_02354,D,test
CUST_02556,D,test
CUST_02371,C,test
CUST_02067,A,test
CUST_02946,A,test
CUST_04199,B,test
CUST_04724,B,test
CUST_02825,B,test
CUST_01229,D,test
CUST_02962,B,test
CUST_04247,A,test
CUST_01806,C,test
CUST_00454,D,test
CUST_02590,C,test
CUST_04679,C,test
CUST_03191,B,test
CUST_02831,B,test
CUST_04361,A,test
CUST_00810,A,test
CUST_00855,A,test
CUST_02388,C,test
CUST_00123,B,test
CUST_04964,C,test
CUST_03966,C,test
CUST_01683,C,test
CUST_04778,B,test
CUST_01497,C,test
CUST_00017,B,test
CUST_01871,C,test
CUST_02987,A,test
CUST_00516,A,test
CUST_04422,D,test
CUST_01888,A,test
CUST_04902,B,test
CUST_03030,C,test
CUST_02921,B,test
CUST_02788,A,test
CUST_02683,A,test
CUST_02790,D,test
CUST_02870,B,test
CUST_02502,C,test
CUST_03992,A,test
CUST_00708,C,test
CUST_04543,A,test
CUST_00745,A,test
CUST_04348,B,test
CUST_00822,A,test
CUST_00627,B,test
CUST_00869,D,test
CUST_00943,C,test
CUST_01532,C,test
CUST_00523,D,test
CUST_01891,A,test
CUST_00424,B,test
CUST_04001,B,test
CUST_02857,A,test
CUST_00690,A,test
CUST_04288,B,test
CUST_01753,A,test
CUST_01808,A,test
CUST_02103,A,test
CUST_02671,C,test
CUST_01028,C,test
CUST_03308,A,test
CUST_04742,A,test
CUST_03794,C,test
CUST_04406,C,test
CUST_01414,A,test
CUST_04856,A,test
CUST_01875,C,test
CUST_00993,B,test
CUST_00293,C,test
CUST_04148,B,test
CUST_00894,B,test
CUST_01534,B,test
CUST_01579,C,test
CUST_01767,C,test
CUST_04545,B,test
CUST_01079,A,test
CUST_04990,C,test
CUST_02767,B,test
CUST_04047,B,test
CUST_01088,A,test
CUST_03803,C,test
CUST_03760,C,test
CUST_00122,D,test
CUST_04643,D,test
CUST_00720,C,test
CUST_03464,B,test
CUST_00605,A,test
CUST_01954,C,test
CUST_04547,A,test
CUST_03641,A,test
CUST_02878,A,test
CUST_03296,A,test
CUST_00927,B,test
CUST_02212,C,test
CUST_02180,B,test
CUST_03889,C,test
CUST_00330,A,test
CUST_02494,B,test
CUST_00175,C,test
CUST_01094,B,test
CUST_01137,C,test
CUST_03681,C,test
CUST_02459,B,test
CUST_04399,A,test
CUST_03655,A,test
CUST_04160,B,test
CUST_01423,A,test
CUST_04446,D,test
CUST_02070,B,test
CUST_01341,B,test
CUST_00920,A,test
CUST_01642,C,test
CUST_00297,C,test
CUST_03523,B,test
CUST_01940,A,test
CUST_02048,C,test
CUST_03752,D,test
CUST_02568,B,test
CUST_04669,C,test
CUST_03800,B,test
CUST_00069,A,test
CUST_04114,A,test
CUST_01818,C,test
CUST_02689,B,test
CUST_00988,B,test
CUST_01444,B,test
CUST_04196,A,test
CUST_02124,B,test
CUST_03555,A,test
CUST_04484,B,test
CUST_01184,D,test
CUST_00479,D,test
CUST_00066,B,test
CUST_04008,B,test
CUST_04502,B,test
CUST_04812,C,test
CUST_00459,A,test
CUST_00027,A,test
CUST_04058,A,test
CUST_02861,D,test
CUST_00815,D,test
CUST_04321,B,test
CUST_02609,C,test
CUST_00346,C,test
CUST_02633,A,test
CUST_03835,B,test
CUST_03202,B,test
CUST_04717,B,test
CUST_02449,A,test
CUST_03069,A,test
CUST_02538,A,test
CUST_00463,C,test
CUST_02721,D,test
CUST_03844,B,test
CUST_03006,C,test
CUST_03263,B,test
CUST_03538,B,test
CUST_03188,B,test
CUST_04846,B,test
CUST_04363,C,test
CUST_00878,C,test
CUST_04311,B,test
CUST_04428,A,test
CUST_04155,A,test
CUST_04569,A,test
CUST_04385,D,test
CUST_02161,C,test
CUST_02159,B,test
CUST_03968,A,test
CUST_02372,C,test
CUST_00233,B,test
CUST_00906,D,test
CUST_00472,D,test
CUST_00430,A,test
CUST_04045,B,test
CUST_02143,C,test
CUST_03542,C,test
CUST_03925,D,test
CUST_02164,C,test
CUST_02954,B,test
CUST_00029,B,test
CUST_04094,D,test
CUST_01966,B,test
CUST_04110,B,test
CUST_02228,B,test
CUST_03166,B,test
CUST_03805,B,test
CUST_03753,B,test
CUST_02776,B,test
CUST_03472,C,test
CUST_04214,A,test
CUST_02607,A,test
CUST_03411,B,test
CUST_04908,A,test
CUST_01282,C,test
CUST_01501,B,test
CUST_02246,B,test
CUST_02706,C,test
CUST_02448,A,test
CUST_01186,D,test
CUST_04009,C,test
CUST_04868,A,test
CUST_04739,B,test
CUST_04768,A,test
CUST_03875,A,test
CUST_03344,A,test
CUST_00727,A,test
CUST_01498,B,test
CUST_00596,B,test
CUST_04158,C,test
CUST_04240,B,test
CUST_02418,A,test
CUST_03326,C,test
CUST_00622,A,test
CUST_00685,D,test
CUST_04287,D,test
CUST_03729,A,test
CUST_03431,B,test
CUST_00811,D,test
CUST_04732,A,test
CUST_04854,B,test
CUST_02482,D,test
CUST_00354,A,test
CUST_00161,B,test
CUST_04936,B,test
CUST_04872,A,test
CUST_00812,C,test
CUST_02988,B,test
CUST_01931,B,test
CUST_04777,A,test
CUST_03443,A,test
CUST_02114,D,test
CUST_04549,C,test
CUST_04835,B,test
CUST_02542,C,test
CUST_03209,B,test
CUST_01674,C,test
CUST_04947,C,test
CUST_03153,C,test
CUST_01672,D,test
CUST_02968,B,test
CUST_01784,C,test
CUST_03559,A,test
CUST_01938,C,test
CUST_00120,B,test
CUST_04670,C,test
CUST_03776,D,test
CUST_01750,A,test
CUST_03373,B,test
CUST_01172,D,test
CUST_03330,C,test
CUST_00805,B,test
CUST_04926,B,test
CUST_02930,B,test
CUST_00118,A,test
CUST_03749,B,test
CUST_00954,D,test
CUST_01724,A,test
CUST_04029,C,test
CUST_04639,C,test
CUST_02465,C,test
CUST_04769,C,test
CUST_01617,D,test
CUST_00589,A,test
CUST_00932,C,test
CUST_02343,A,test
CUST_00578,D,test
CUST_02540,C,test
CUST_01405,C,test
CUST_03219,C,test
CUST_00658,B,test
CUST_04650,A,test
CUST_02676,B,test
CUST_04459,B,test
CUST_03215,A,test
CUST_01312,D,test
CUST_02862,B,test
CUST_01356,D,test
CUST_00874,B,test
CUST_04301,A,test
CUST_03743,C,test
CUST_03003,A,test
CUST_03566,C,test
CUST_03663,A,test
CUST_02933,A,test
CUST_03630,C,test
CUST_04282,C,test
CUST_00406,D,test
CUST_03342,B,test
CUST_04743,A,test
CUST_03662,B,test
CUST_04958,C,test
CUST_02576,C,test
CUST_00555,D,test
CUST_03007,D,test
CUST_00754,B,test
CUST_04314,D,test
CUST_04680,C,test
CUST_01786,D,test
CUST_03151,C,test
CUST_04257,D,test
CUST_04573,A,test
CUST_02042,B,test
CUST_03678,B,test
CUST_04782,A,test
CUST_00457,A,test
CUST_01830,B,test
CUST_01919,B,test
CUST_00012,D,test
CUST_02522,A,test
CUST_01513,D,test
CUST_04322,D,test
CUST_00763,A,test
CUST_02221,C,test
CUST_04450,C,test
CUST_01457,C,test
CUST_01104,D,test
CUST_03434,B,test
CUST_04338,D,test
CUST_03428,C,test
CUST_01640,D,test
CUST_00965,B,test
CUST_00970,B,test
CUST_02456,A,test
CUST_02569,C,test
CUST_00057,A,test
CUST_03989,B,test
CUST_03833,C,test
CUST_02983,C,test
CUST_00216,A,test
CUST_03883,D,test
CUST_04970,B,test
CUST_04587,B,test
CUST_02949,B,test
CUST_03569,C,test
CUST_03283,D,test
CUST_03897,A,test
CUST_00093,C,test
CUST_01463,A,test
CUST_01118,D,test
CUST_01041,B,test
CUST_00482,C,test
CUST_00601,A,test
CUST_04401,A,test
CUST_03413,A,test
CUST_04560,D,test
CUST_02622,D,test
CUST_04339,B,test
CUST_03029,C,test
CUST_04377,B,test
CUST_00336,A,test
CUST_03562,C,test
CUST_03891,C,test
CUST_02099,C,test
CUST_01718,C,test
CUST_00891,C,test
CUST_03095,A,test
CUST_01313,B,test
CUST_04161,B,test
CUST_00484,C,test
CUST_00748,B,test
CUST_02753,B,test
CUST_02750,C,test
CUST_02897,B,test
CUST_04486,C,test
CUST_03801,B,test
CUST_04763,C,test
CUST_02803,D,test
CUST_00180,A,test
CUST_02346,C,test
CUST_00591,A,test
CUST_01713,C,test
CUST_03124,B,test
CUST_04500,B,test
CUST_03861,C,test
CUST_02747,B,test
CUST_01950,B,test
CUST_04244,B,test
CUST_00982,C,test
CUST_01550,C,test
CUST_01223,B,test
CUST_03859,B,test
CUST_02631,C,test
CUST_03271,A,test
CUST_01465,D,test
CUST_02727,A,test
CUST_01955,D,test
CUST_03878,D,test
CUST_02912,A,test
CUST_01332,C,test
CUST_01020,A,test
CUST_03733,B,test
CUST_00130,B,test
CUST_04493,B,test
CUST_02863,D,test
CUST_04741,C,test
CUST_01493,A,test
CUST_02141,C,test
CUST_03810,A,test
CUST_04610,B,test
CUST_02251,A,test
CUST_03083,A,test
CUST_01494,A,test
CUST_01921,C,test
CUST_00185,B,test
CUST_02167,C,test
CUST_01884,C,test
CUST_02690,B,test
CUST_00129,A,test
CUST_03969,B,test
CUST_01843,B,test
CUST_02907,D,test
CUST_02528,D,test
CUST_02693,A,test
CUST_02823,C,test
CUST_03921,D,test
CUST_00550,C,test
CUST_04395,D,test
CUST_00047,B,test
CUST_03587,B,test
CUST_01829,C,test
CUST_00311,B,test
CUST_04520,A,test
CUST_01815,A,test
CUST_00612,C,test
CUST_03946,A,test
CUST_03498,D,test
CUST_01613,B,test
CUST_02466,A,test
CUST_00751,A,test
CUST_04387,D,test
CUST_04380,B,test
CUST_00359,D,test
CUST_03594,B,test
CUST_01776,B,test
CUST_02044,A,test
CUST_01277,A,test
CUST_02306,B,test
CUST_00731,A,test
CUST_02394,A,test
CUST_03843,B,test
CUST_00231,C,test
CUST_01745,B,test
CUST_01863,A,test
CUST_01308,C,test
CUST_02071,C,test
CUST_04080,A,test
CUST_03741,D,test
CUST_04274,B,test
CUST_00331,B,test
CUST_04728,C,test
CUST_00832,B,test
CUST_04638,C,test
CUST_04623,A,test
CUST_02986,D,test
CUST_04131,B,test
CUST_01067,A,test
CUST_04053,C,test
CUST_02298,A,test
CUST_02360,A,test
CUST_01086,B,test
CUST_02162,C,test
CUST_04153,C,test
CUST_03913,A,test
CUST_00580,B,test
CUST_01691,A,test
CUST_00091,A,test
CUST_04752,B,test
CUST_04208,B,test
CUST_04887,B,test
CUST_00577,A,test
CUST_01417,A,test
CUST_01922,A,test
CUST_04217,A,test
CUST_00787,B,test
CUST_03269,C,test
CUST_02425,B,test
CUST_04159,D,test
CUST_04591,B,test
CUST_00511,C,test
CUST_00740,B,test
CUST_01486,B,test
CUST_01100,B,test
CUST_04789,B,test
CUST_02979,C,test
CUST_00926,A,test
CUST_02603,C,test
CUST_03926,A,test
CUST_02210,D,test
CUST_04294,D,test
CUST_02859,A,test
CUST_01527,B,test
CUST_04218,B,test
CUST_02261,C,test
CUST_02333,C,test
CUST_02302,B,test
CUST_02820,B,test
CUST_02717,C,test
CUST_02156,A,test
CUST_03765,B,test
CUST_00006,A,test
CUST_01171,C,test
CUST_03595,B,test
CUST_03068,D,test
CUST_04309,C,test
CUST_01099,C,test
CUST_01128,B,test
CUST_04766,D,test
CUST_04942,B,test
CUST_02756,B,test
CUST_01749,C,test
CUST_01397,B,test
CUST_03149,C,test
CUST_02235,C,test
CUST_01790,B,test
CUST_02582,D,test
CUST_04378,C,test
CUST_04562,B,test
CUST_02079,D,test
CUST_00023,B,test
CUST_02761,A,test
CUST_01578,C,test
CUST_02970,B,test
CUST_03500,C,test
CUST_02666,B,test
CUST_00821,C,test
CUST_02679,A,test
CUST_03192,D,test
CUST_04408,A,test
CUST_01268,B,test
CUST_02301,C,test
CUST_01189,B,test
CUST_04365,A,test
CUST_00044,D,test
CUST_00733,C,test
CUST_01156,C,test
CUST_03970,B,test
CUST_00856,A,test
CUST_00845,A,test
CUST_03531,B,test
CUST_04285,B,test
CUST_00958,A,test
CUST_02225,A,test
CUST_01164,C,test
CUST_04934,B,test
CUST_03957,D,test
CUST_01284,A,test
CUST_04211,A,test
CUST_01697,A,test
CUST_00142,A,test
CUST_01766,B,test
CUST_03282,A,test
CUST_04460,B,test
CUST_01367,C,test
CUST_00041,A,test
CUST_04785,B,test
CUST_00594,B,test
CUST_03879,B,test
CUST_00140,D,test
CUST_01522,D,test
CUST_04426,B,test
CUST_02176,C,test
CUST_03143,B,test
CUST_01130,B,test
CUST_03863,B,test
CUST_02111,A,test
CUST_00501,C,test
CUST_00539,B,test
CUST_02196,B,test
CUST_02561,C,test
CUST_02311,B,test
CUST_01565,C,test
CUST_03607,C,test
CUST_03519,A,test
CUST_03571,B,test
CUST_04937,D,test
CUST_04582,B,test
CUST_01574,D,test
CUST_03027,D,test
CUST_02197,B,test
CUST_00492,C,test
CUST_04864,B,test
CUST_00976,B,test
CUST_01764,B,test
CUST_00407,B,test
CUST_00884,A,test
CUST_03140,A,test
CUST_04324,B,test
CUST_01742,C,test
CUST_01787,C,test
CUST_03450,A,test
CUST_04537,B,test
CUST_03317,B,test
CUST_00990,C,test
CUST_02472,D,test
CUST_04927,B,test
CUST_04130,A,test
CUST_00072,A,test
CUST_00771,A,test
CUST_01555,A,test
CUST_03771,B,test
CUST_03645,C,test
CUST_02612,A,test
CUST_04513,A,test
CUST_00246,D,test
CUST_04715,B,test
CUST_01436,A,test
CUST_01131,C,test
CUST_01619,B,test
CUST_03239,C,test
CUST_02200,B,test
CUST_01325,D,test
CUST_02467,B,test
CUST_01178,A,test
CUST_02379,B,test
CUST_01285,B,test
CUST_04195,C,test
CUST_04221,B,test
CUST_03458,C,test
CUST_01796,A,test
CUST_01618,C,test
CUST_01569,C,test
CUST_02245,D,test
CUST_02314,C,test
CUST_02386,B,test
CUST_02273,B,test
CUST_04601,A,test
CUST_01201,C,test
CUST_04935,B,test
CUST_00688,B,test
CUST_04007,B,test
CUST_04096,B,test
CUST_01257,A,test
CUST_01612,C,test
CUST_03300,C,test
CUST_01817,B,test
CUST_00375,A,test
CUST_04579,D,test
CUST_02615,B,test
CUST_01882,D,test
CUST_03349,B,test
CUST_03904,A,test
CUST_04505,B,test
CUST_02445,B,test
CUST_02813,C,test
CUST_03415,C,test
CUST_03922,B,test
CUST_03077,D,test
CUST_00871,B,test
CUST_03009,C,test
CUST_01887,A,test
CUST_04973,B,test
CUST_00412,D,test
CUST_04897,A,test
CUST_03788,B,test
CUST_02619,C,test
CUST_02525,C,test
CUST_04824,B,test
CUST_04600,B,test
CUST_00031,C,test
CUST_03756,A,test
CUST_00661,B,test
CUST_01231,D,test
CUST_04172,D,test
CUST_01484,A,test
CUST_03397,C,test
CUST_01688,B,test
CUST_04860,D,test
CUST_03671,A,test
CUST_02991,A,test
CUST_03530,B,test
CUST_04021,B,test
CUST_00918,D,test
CUST_02419,A,test
CUST_03381,B,test
CUST_02093,A,test
CUST_01111,C,test
CUST_03257,C,test
CUST_02202,A,test
CUST_03387,A,test
CUST_04803,D,test
CUST_01554,D,test
CUST_03466,C,test
CUST_04531,B,test
CUST_02877,B,test
CUST_04899,A,test
CUST_03200,B,test
CUST_00268,C,test
CUST_04542,B,test
CUST_00797,D,test
CUST_01467,D,test
CUST_00541,D,test
CUST_01462,C,test
CUST_01990,C,test
CUST_00919,C,test
CUST_04099,B,test
CUST_01491,A,test
CUST_03558,B,test
CUST_04027,B,test
CUST_00699,A,test
CUST_00496,B,test
CUST_00390,C,test
CUST_00108,C,test
CUST_01451,B,test
CUST_03697,D,test
CUST_00753,C,test
CUST_01666,C,test
CUST_03059,A,test
CUST_02491,B,test
CUST_04198,B,test
CUST_02422,A,test
CUST_02956,C,test
CUST_00827,B,test
CUST_02584,B,test
CUST_00781,C,test
CUST_03408,D,test
CUST_01000,B,test
CUST_04427,A,test
CUST_04879,B,test
CUST_02150,C,test
CUST_04478,B,test
CUST_03755,B,test
CUST_00414,B,test
CUST_00070,D,test
CUST_01636,A,test
CUST_01756,C,test
CUST_03112,A,test
CUST_01233,A,test
CUST_00043,A,test
CUST_02154,C,test
CUST_03880,A,test
CUST_00322,C,test
CUST_01952,A,test
CUST_04673,C,test
CUST_04658,B,test
CUST_01738,A,test
CUST_01813,B,test
CUST_00188,B,test
CUST_01065,B,test
CUST_02838,A,test
CUST_02430,D,test
CUST_00494,A,test
CUST_03371,A,test
CUST_04098,A,test
CUST_04959,A,test
CUST_00037,B,test
CUST_01165,A,test
CUST_03608,B,test
CUST_04352,B,test
CUST_03854,D,test
CUST_00288,B,test
CUST_02836,D,test
CUST_00356,C,test
CUST_04414,C,test
CUST_03313,C,test
CUST_03939,A,test
CUST_04138,B,test
CUST_03379,A,test
CUST_00351,B,test
CUST_04508,A,test
CUST_04911,D,test
CUST_03414,B,test
CUST_04238,C,test
CUST_04035,A,test
CUST_00790,D,test
CUST_00086,B,test
CUST_03675,C,test
CUST_02876,B,test
CUST_01478,C,test
CUST_00528,B,test
CUST_01291,B,test
CUST_01323,D,test
CUST_03288,C,test
CUST_03108,A,test
CUST_03451,B,test
CUST_02866,B,test
CUST_02672,B,test
CUST_00892,D,test
CUST_00205,C,test
CUST_03024,B,test
CUST_03334,A,test
CUST_03222,A,test
CUST_03724,A,test
CUST_00977,B,test
CUST_03784,C,test
CUST_03930,A,test
CUST_00248,D,test
CUST_00921,D,test
CUST_02293,A,test
CUST_04952,A,test
CUST_04760,D,test
CUST_03665,B,test
CUST_02278,B,test
CUST_04971,B,test
CUST_04145,D,test
CUST_04923,B,test
CUST_02705,C,test
CUST_02365,B,test
CUST_04991,D,test
CUST_04475,C,test
CUST_03493,D,test
CUST_00780,C,test
CUST_04592,A,test
CUST_00590,A,test
CUST_02778,A,test
CUST_02627,A,test
CUST_04390,A,test
CUST_02258,B,test
CUST_04014,A,test
CUST_02324,B,test
CUST_00399,C,test
CUST_01081,C,test
CUST_02501,C,test
CUST_02948,B,test
CUST_03078,A,test
CUST_03138,C,test
CUST_02215,C,test
CUST_00581,B,test
CUST_02517,A,test
CUST_04972,D,test
CUST_01387,C,test
CUST_00960,C,test
CUST_03557,B,test
CUST_02971,B,test
CUST_00530,D,test
CUST_04359,B,test
CUST_03549,B,test
CUST_01152,C,test
CUST_00717,C,test
CUST_01357,D,test
CUST_00456,B,test
CUST_01566,B,test
CUST_04957,B,test
CUST_03849,C,test
CUST_00985,C,test
CUST_03881,B,test
CUST_00003,C,test
CUST_04062,A,test
CUST_02151,B,test
CUST_02192,D,test
CUST_03548,B,test
CUST_04655,B,test
CUST_03576,B,test
CUST_01439,A,test
CUST_00896,A,test
CUST_03669,A,test
CUST_02947,B,test
CUST_04178,C,test
CUST_04055,C,test
CUST_00983,A,test
CUST_02012,A,test
CUST_02929,C,test
CUST_01515,A,test
CUST_04851,D,test
CUST_01338,C,test
CUST_00299,C,test
CUST_02799,D,test
CUST_01398,A,test
CUST_03621,C,test
CUST_03515,C,test
CUST_04176,D,test
CUST_02008,C,test
CUST_01727,B,test
CUST_03370,C,test
CUST_02092,D,test
CUST_01013,D,test
CUST_04521,D,test
CUST_02443,C,test
CUST_03759,B,test
CUST_04375,B,test
CUST_02105,C,test
CUST_03134,B,test
CUST_01507,B,test
CUST_04501,B,test
CUST_04909,C,test
CUST_01228,B,test
CUST_01076,B,test
CUST_02021,D,test
CUST_01720,A,test
CUST_03395,D,test
CUST_04271,C,test
CUST_01227,B,test
CUST_03868,C,test
CUST_02490,B,test
CUST_04517,B,test
CUST_01295,C,test
CUST_00483,B,test
CUST_02447,B,test
CUST_01622,A,test
CUST_00082,C,test
CUST_04203,A,test
CUST_01845,D,test
CUST_00607,A,test
CUST_00128,D,test
CUST_02931,B,test
CUST_04723,A,test
CUST_02336,B,test
CUST_01193,B,test
CUST_00111,B,test
CUST_03295,D,test
CUST_04613,B,test
CUST_01853,D,test
CUST_01775,C,test
CUST_02858,A,test
CUST_01797,C,test
CUST_01620,C,test
CUST_00823,B,test
CUST_02083,B,test
CUST_03942,D,test
CUST_00107,B,test
CUST_00562,A,test
CUST_00686,B,test
CUST_02076,D,test
CUST_03664,A,test
CUST_04488,B,test
CUST_03918,B,test
CUST_00279,C,test
CUST_01138,B,test
CUST_03229,A,test
CUST_01460,C,test
CUST_01139,B,test
CUST_01002,B,test
CUST_04279,A,test
CUST_01035,A,test
CUST_01058,B,test
CUST_04731,A,test
CUST_04442,C,test
CUST_00746,D,test
CUST_04828,A,test
CUST_02464,B,test
CUST_04730,A,test
CUST_03072,C,test
CUST_04903,A,test
CUST_04143,A,test
CUST_03208,C,test
CUST_00274,D,test
CUST_04616,B,test
CUST_01654,B,test
CUST_00139,B,test
CUST_04089,C,test
CUST_01382,B,test
CUST_01861,C,test
CUST_03463,C,test
CUST_04746,A,test
CUST_04644,A,test
CUST_01166,C,test
CUST_04051,D,test
CUST_00548,C,test
CUST_00765,A,test
CUST_01404,C,test
CUST_02130,B,test
CUST_00759,D,test
CUST_01670,C,test
CUST_02817,B,test
CUST_04904,B,test
CUST_04645,C,test
CUST_02980,D,test
CUST_03275,C,test
CUST_03133,D,test
CUST_01711,A,test
CUST_04329,A,test
CUST_04070,C,test
CUST_04316,A,test
